date,SunSign,SunDegrees,MoonSign,MoonDegrees,MercurySign,MercuryDegrees,VenusSign,VenusDegrees,MarsSign,MarsDegrees,JupiterSign,JupiterDegrees,SaturnSign,SaturnDegrees,UranusSign,UranusDegrees,NeptuneSign,NeptuneDegrees,PlutoSign,PlutoDegrees,RahuSign,RahuDegrees,KetuSign,KetuDegrees
2025-01-01,Sagittarius,16.88353,Capricorn,3.35786,Scorpio,26.01314,Aquarius,3.79648,Cancer,7.62230,Taurus,18.98032,Aquarius,20.33823,Aries,29.42287,Pisces,3.09521,Capricorn,6.86675,Pisces,7.27666,Virgo,7.27666
2025-01-02,Sagittarius,17.90310,Capricorn,16.94941,Scorpio,27.31858,Aquarius,4.86621,Cancer,7.28675,Taurus,18.87560,Aquarius,20.41481,Aries,29.39897,Pisces,3.10936,Capricorn,6.89748,Pisces,7.22367,Virgo,7.22367
2025-01-03,Sagittarius,18.92264,Aquarius,0.69461,Scorpio,28.64661,Aquarius,5.93082,Cancer,6.94201,Taurus,18.77331,Aquarius,20.49272,Aries,29.37580,Pisces,3.12406,Capricorn,6.92837,Pisces,7.17068,Virgo,7.17068
2025-01-04,Sagittarius,19.94212,Aquarius,14.55354,Scorpio,29.99497,Aquarius,6.99013,Cancer,6.58870,Taurus,18.67351,Aquarius,20.57193,Aries,29.35337,Pisces,3.13931,Capricorn,6.95939,Pisces,7.11769,Virgo,7.11769
2025-01-05,Sagittarius,20.96152,Aquarius,28.49703,Sagittarius,1.36171,Aquarius,8.04390,Cancer,6.22749,Taurus,18.57629,Aquarius,20.65243,Aries,29.33170,Pisces,3.15510,Capricorn,6.99055,Pisces,7.06470,Virgo,7.06470
2025-01-06,Sagittarius,21.98081,Pisces,12.50737,Sagittarius,2.74518,Aquarius,9.09193,Cancer,5.85907,Taurus,18.48170,Aquarius,20.73421,Aries,29.31078,Pisces,3.17142,Capricorn,7.02183,Pisces,7.01170,Virgo,7.01170
2025-01-07,Sagittarius,22.99999,Pisces,26.57437,Sagittarius,4.14395,Aquarius,10.13398,Cancer,5.48413,Taurus,18.38979,Aquarius,20.81723,Aries,29.29063,Pisces,3.18828,Capricorn,7.05323,Pisces,6.95871,Virgo,6.95871
2025-01-08,Sagittarius,24.01904,Aries,10.68799,Sagittarius,5.55682,Aquarius,11.16982,Cancer,5.10340,Taurus,18.30064,Aquarius,20.90148,Aries,29.27126,Pisces,3.20566,Capricorn,7.08474,Pisces,6.90572,Virgo,6.90572
2025-01-09,Sagittarius,25.03796,Aries,24.82998,Sagittarius,6.98279,Aquarius,12.19921,Cancer,4.71762,Taurus,18.21429,Aquarius,20.98693,Aries,29.25267,Pisces,3.22357,Capricorn,7.11635,Pisces,6.85273,Virgo,6.85273
2025-01-10,Sagittarius,26.05673,Taurus,8.96710,Sagittarius,8.42101,Aquarius,13.22191,Cancer,4.32752,Taurus,18.13079,Aquarius,21.07358,Aries,29.23487,Pisces,3.24199,Capricorn,7.14805,Pisces,6.79974,Virgo,6.79974
2025-01-11,Sagittarius,27.07536,Taurus,23.04863,Sagittarius,9.87078,Aquarius,14.23768,Cancer,3.93386,Taurus,18.05018,Aquarius,21.16140,Aries,29.21787,Pisces,3.26093,Capricorn,7.17983,Pisces,6.74674,Virgo,6.74674
2025-01-12,Sagittarius,28.09387,Gemini,7.00950,Sagittarius,11.33154,Aquarius,15.24626,Cancer,3.53739,Taurus,17.97251,Aquarius,21.25038,Aries,29.20167,Pisces,3.28037,Capricorn,7.21170,Pisces,6.69375,Virgo,6.69375
2025-01-13,Sagittarius,29.11225,Gemini,20.77894,Sagittarius,12.80281,Aquarius,16.24741,Cancer,3.13887,Taurus,17.89782,Aquarius,21.34048,Aries,29.18628,Pisces,3.30031,Capricorn,7.24364,Pisces,6.64076,Virgo,6.64076
2025-01-14,Capricorn,0.13051,Cancer,4.29213,Sagittarius,14.28423,Aquarius,17.24087,Cancer,2.73907,Taurus,17.82614,Aquarius,21.43171,Aries,29.17170,Pisces,3.32075,Capricorn,7.27564,Pisces,6.58777,Virgo,6.58777
2025-01-15,Capricorn,1.14867,Cancer,17.50148,Sagittarius,15.77553,Aquarius,18.22639,Cancer,2.33875,Taurus,17.75752,Aquarius,21.52403,Aries,29.15795,Pisces,3.34169,Capricorn,7.30769,Pisces,6.53478,Virgo,6.53478
2025-01-16,Capricorn,2.16672,Leo,0.38457,Sagittarius,17.27650,Aquarius,19.20369,Cancer,1.93868,Taurus,17.69199,Aquarius,21.61744,Aries,29.14502,Pisces,3.36311,Capricorn,7.33980,Pisces,6.48178,Virgo,6.48178
2025-01-17,Capricorn,3.18468,Leo,12.94722,Sagittarius,18.78700,Aquarius,20.17250,Cancer,1.53964,Taurus,17.62959,Aquarius,21.71191,Aries,29.13292,Pisces,3.38501,Capricorn,7.37195,Pisces,6.42879,Virgo,6.42879
2025-01-18,Capricorn,4.20254,Leo,25.22217,Sagittarius,20.30694,Aquarius,21.13253,Cancer,1.14239,Taurus,17.57035,Aquarius,21.80744,Aries,29.12166,Pisces,3.40740,Capricorn,7.40413,Pisces,6.37580,Virgo,6.37580
2025-01-19,Capricorn,5.22031,Virgo,7.26491,Sagittarius,21.83629,Aquarius,22.08346,Cancer,0.74772,Taurus,17.51430,Aquarius,21.90399,Aries,29.11125,Pisces,3.43025,Capricorn,7.43634,Pisces,6.32281,Virgo,6.32281
2025-01-20,Capricorn,6.23797,Virgo,19.14811,Sagittarius,23.37507,Aquarius,23.02500,Cancer,0.35638,Taurus,17.46147,Aquarius,22.00156,Aries,29.10168,Pisces,3.45358,Capricorn,7.46857,Pisces,6.26982,Virgo,6.26982
2025-01-21,Capricorn,7.25553,Libra,0.95590,Sagittarius,24.92332,Aquarius,23.95680,Gemini,29.96912,Taurus,17.41189,Aquarius,22.10013,Aries,29.09297,Pisces,3.47737,Capricorn,7.50080,Pisces,6.21682,Virgo,6.21682
2025-01-22,Capricorn,8.27298,Libra,12.77831,Sagittarius,26.48115,Aquarius,24.87851,Gemini,29.58668,Taurus,17.36559,Aquarius,22.19968,Aries,29.08512,Pisces,3.50161,Capricorn,7.53303,Pisces,6.16383,Virgo,6.16383
2025-01-23,Capricorn,9.29031,Libra,24.70581,Sagittarius,28.04866,Aquarius,25.78978,Gemini,29.20979,Taurus,17.32258,Aquarius,22.30019,Aries,29.07813,Pisces,3.52631,Capricorn,7.56527,Pisces,6.11084,Virgo,6.11084
2025-01-24,Capricorn,10.30751,Scorpio,6.82377,Sagittarius,29.62601,Aquarius,26.69021,Gemini,28.83915,Taurus,17.28291,Aquarius,22.40164,Aries,29.07201,Pisces,3.55145,Capricorn,7.59750,Pisces,6.05785,Virgo,6.05785
2025-01-25,Capricorn,11.32456,Scorpio,19.20629,Capricorn,1.21336,Aquarius,27.57941,Gemini,28.47544,Taurus,17.24657,Aquarius,22.50401,Aries,29.06676,Pisces,3.57704,Capricorn,7.62971,Pisces,6.00486,Virgo,6.00486
2025-01-26,Capricorn,12.34144,Sagittarius,1.90957,Capricorn,2.81091,Aquarius,28.45695,Gemini,28.11932,Taurus,17.21361,Aquarius,22.60729,Aries,29.06238,Pisces,3.60305,Capricorn,7.66190,Pisces,5.95186,Virgo,5.95186
2025-01-27,Capricorn,13.35814,Sagittarius,14.96548,Capricorn,4.41886,Aquarius,29.32239,Gemini,27.77143,Taurus,17.18402,Aquarius,22.71146,Aries,29.05888,Pisces,3.62950,Capricorn,7.69406,Pisces,5.89887,Virgo,5.89887
2025-01-28,Capricorn,14.37464,Sagittarius,28.37644,Capricorn,6.03744,Pisces,0.17525,Gemini,27.43236,Taurus,17.15784,Aquarius,22.81650,Aries,29.05627,Pisces,3.65637,Capricorn,7.72617,Pisces,5.84588,Virgo,5.84588
2025-01-29,Capricorn,15.39091,Capricorn,12.11382,Capricorn,7.66686,Pisces,1.01504,Gemini,27.10270,Taurus,17.13506,Aquarius,22.92238,Aries,29.05454,Pisces,3.68365,Capricorn,7.75822,Pisces,5.79289,Virgo,5.79289
2025-01-30,Capricorn,16.40692,Capricorn,26.12121,Capricorn,9.30737,Pisces,1.84123,Gemini,26.78299,Taurus,17.11571,Aquarius,23.02908,Aries,29.05370,Pisces,3.71134,Capricorn,7.79022,Pisces,5.73990,Virgo,5.73990
2025-01-31,Capricorn,17.42264,Aquarius,10.32292,Capricorn,10.95921,Pisces,2.65326,Gemini,26.47373,Taurus,17.09979,Aquarius,23.13659,Aries,29.05374,Pisces,3.73943,Capricorn,7.82215,Pisces,5.68690,Virgo,5.68690
2025-02-01,Capricorn,18.43805,Aquarius,24.63600,Capricorn,12.62260,Pisces,3.45054,Gemini,26.17539,Taurus,17.08730,Aquarius,23.24488,Aries,29.05468,Pisces,3.76791,Capricorn,7.85401,Pisces,5.63391,Virgo,5.63391
2025-02-02,Capricorn,19.45311,Pisces,8.98238,Capricorn,14.29777,Pisces,4.23243,Gemini,25.88839,Taurus,17.07824,Aquarius,23.35393,Aries,29.05650,Pisces,3.79678,Capricorn,7.88577,Pisces,5.58092,Virgo,5.58092
2025-02-03,Capricorn,20.46781,Pisces,23.29772,Capricorn,15.98495,Pisces,4.99830,Gemini,25.61310,Taurus,17.07262,Aquarius,23.46372,Aries,29.05921,Pisces,3.82602,Capricorn,7.91745,Pisces,5.52793,Virgo,5.52793
2025-02-04,Capricorn,21.48211,Aries,7.53498,Capricorn,17.68435,Pisces,5.74745,Gemini,25.34985,Taurus,17.07042,Aquarius,23.57423,Aries,29.06281,Pisces,3.85563,Capricorn,7.94902,Pisces,5.47494,Virgo,5.47494
2025-02-05,Capricorn,22.49602,Aries,21.66289,Capricorn,19.39613,Pisces,6.47918,Gemini,25.09892,Taurus,17.07165,Aquarius,23.68543,Aries,29.06729,Pisces,3.88561,Capricorn,7.98049,Pisces,5.42194,Virgo,5.42194
2025-02-06,Capricorn,23.50950,Taurus,5.66107,Capricorn,21.12046,Pisces,7.19277,Gemini,24.86055,Taurus,17.07628,Aquarius,23.79731,Aries,29.07266,Pisces,3.91593,Capricorn,8.01184,Pisces,5.36895,Virgo,5.36895
2025-02-07,Capricorn,24.52257,Taurus,19.51398,Capricorn,22.85744,Pisces,7.88746,Gemini,24.63495,Taurus,17.08431,Aquarius,23.90984,Aries,29.07892,Pisces,3.94660,Capricorn,8.04306,Pisces,5.31596,Virgo,5.31596
2025-02-08,Capricorn,25.53522,Gemini,3.20599,Capricorn,24.60714,Pisces,8.56248,Gemini,24.42226,Taurus,17.09573,Aquarius,24.02300,Aries,29.08605,Pisces,3.97761,Capricorn,8.07416,Pisces,5.26297,Virgo,5.26297
2025-02-09,Capricorn,26.54745,Gemini,16.71884,Capricorn,26.36953,Pisces,9.21704,Gemini,24.22261,Taurus,17.11051,Aquarius,24.13677,Aries,29.09406,Pisces,4.00895,Capricorn,8.10512,Pisces,5.20998,Virgo,5.20998
2025-02-10,Capricorn,27.55927,Cancer,0.03198,Capricorn,28.14454,Pisces,9.85032,Gemini,24.03610,Taurus,17.12864,Aquarius,24.25115,Aries,29.10294,Pisces,4.04061,Capricorn,8.13593,Pisces,5.15698,Virgo,5.15698
2025-02-11,Capricorn,28.57069,Cancer,13.12538,Capricorn,29.93195,Pisces,10.46150,Gemini,23.86279,Taurus,17.15011,Aquarius,24.36610,Aries,29.11270,Pisces,4.07258,Capricorn,8.16659,Pisces,5.10399,Virgo,5.10399
2025-02-12,Capricorn,29.58171,Cancer,25.98385,Aquarius,1.73145,Pisces,11.04972,Gemini,23.70273,Taurus,17.17491,Aquarius,24.48160,Aries,29.12333,Pisces,4.10486,Capricorn,8.19710,Pisces,5.05100,Virgo,5.05100
2025-02-13,Aquarius,0.59234,Leo,8.60140,Aquarius,3.54256,Pisces,11.61409,Gemini,23.55594,Taurus,17.20300,Aquarius,24.59765,Aries,29.13482,Pisces,4.13744,Capricorn,8.22744,Pisces,4.99801,Virgo,4.99801
2025-02-14,Aquarius,1.60259,Leo,20.98491,Aquarius,5.36464,Pisces,12.15373,Gemini,23.42242,Taurus,17.23438,Aquarius,24.71422,Aries,29.14717,Pisces,4.17031,Capricorn,8.25761,Pisces,4.94502,Virgo,4.94502
2025-02-15,Aquarius,2.61248,Virgo,3.15610,Aquarius,7.19682,Pisces,12.66772,Gemini,23.30215,Taurus,17.26903,Aquarius,24.83130,Aries,29.16039,Pisces,4.20347,Capricorn,8.28760,Pisces,4.89202,Virgo,4.89202
2025-02-16,Aquarius,3.62199,Virgo,15.15201,Aquarius,9.03799,Pisces,13.15510,Gemini,23.19510,Taurus,17.30693,Aquarius,24.94886,Aries,29.17447,Pisces,4.23690,Capricorn,8.31740,Pisces,4.83903,Virgo,4.83903
2025-02-17,Aquarius,4.63115,Virgo,27.02408,Aquarius,10.88672,Pisces,13.61491,Gemini,23.10124,Taurus,17.34806,Aquarius,25.06689,Aries,29.18940,Pisces,4.27061,Capricorn,8.34702,Pisces,4.78604,Virgo,4.78604
2025-02-18,Aquarius,5.63994,Libra,8.83624,Aquarius,12.74127,Pisces,14.04617,Gemini,23.02049,Taurus,17.39240,Aquarius,25.18537,Aries,29.20518,Pisces,4.30457,Capricorn,8.37644,Pisces,4.73305,Virgo,4.73305
2025-02-19,Aquarius,6.64837,Libra,20.66230,Aquarius,14.59948,Pisces,14.44787,Gemini,22.95278,Taurus,17.43995,Aquarius,25.30429,Aries,29.22182,Pisces,4.33880,Capricorn,8.40565,Pisces,4.68006,Virgo,4.68006
2025-02-20,Aquarius,7.65644,Scorpio,2.58264,Aquarius,16.45876,Pisces,14.81900,Gemini,22.89804,Taurus,17.49066,Aquarius,25.42362,Aries,29.23929,Pisces,4.37327,Capricorn,8.43465,Pisces,4.62706,Virgo,4.62706
2025-02-21,Aquarius,8.66415,Scorpio,14.68022,Aquarius,18.31597,Pisces,15.15853,Gemini,22.85616,Taurus,17.54454,Aquarius,25.54335,Aries,29.25761,Pisces,4.40798,Capricorn,8.46343,Pisces,4.57407,Virgo,4.57407
2025-02-22,Aquarius,9.67148,Scorpio,27.03547,Aquarius,20.16745,Pisces,15.46542,Gemini,22.82704,Taurus,17.60155,Aquarius,25.66345,Aries,29.27677,Pisces,4.44292,Capricorn,8.49198,Pisces,4.52108,Virgo,4.52108
2025-02-23,Aquarius,10.67844,Sagittarius,9.71988,Aquarius,22.00890,Pisces,15.73866,Gemini,22.81056,Taurus,17.66168,Aquarius,25.78391,Aries,29.29676,Pisces,4.47808,Capricorn,8.52030,Pisces,4.46809,Virgo,4.46809
2025-02-24,Aquarius,11.68501,Sagittarius,22.78826,Aquarius,23.83532,Pisces,15.97720,Gemini,22.80661,Taurus,17.72490,Aquarius,25.90471,Aries,29.31759,Pisces,4.51346,Capricorn,8.54838,Pisces,4.41510,Virgo,4.41510
2025-02-25,Aquarius,12.69118,Capricorn,6.27022,Aquarius,25.64103,Pisces,16.18006,Gemini,22.81505,Taurus,17.79119,Aquarius,26.02583,Aries,29.33923,Pisces,4.54904,Capricorn,8.57621,Pisces,4.36210,Virgo,4.36210
2025-02-26,Aquarius,13.69693,Capricorn,20.16248,Aquarius,27.41963,Pisces,16.34622,Gemini,22.83574,Taurus,17.86053,Aquarius,26.14724,Aries,29.36170,Pisces,4.58483,Capricorn,8.60379,Pisces,4.30911,Virgo,4.30911
2025-02-27,Aquarius,14.70224,Aquarius,4.42425,Aquarius,29.16397,Pisces,16.47474,Gemini,22.86855,Taurus,17.93289,Aquarius,26.26894,Aries,29.38498,Pisces,4.62080,Capricorn,8.63110,Pisces,4.25612,Virgo,4.25612
2025-02-28,Aquarius,15.70708,Aquarius,18.97821,Pisces,0.86620,Pisces,16.56470,Gemini,22.91332,Taurus,18.00825,Aquarius,26.39089,Aries,29.40907,Pisces,4.65695,Capricorn,8.65815,Pisces,4.20313,Virgo,4.20313
2025-03-01,Aquarius,16.71144,Pisces,3.71851,Pisces,2.51788,Pisces,16.61522,Gemini,22.96989,Taurus,18.08658,Aquarius,26.51308,Aries,29.43396,Pisces,4.69327,Capricorn,8.68492,Pisces,4.15014,Virgo,4.15014
2025-03-02,Aquarius,17.71527,Pisces,18.52475,Pisces,4.11000,Pisces,16.62553,Gemini,23.03808,Taurus,18.16786,Aquarius,26.63548,Aries,29.45965,Pisces,4.72976,Capricorn,8.71141,Pisces,4.09714,Virgo,4.09714
2025-03-03,Aquarius,18.71856,Aries,3.27859,Pisces,5.63317,Pisces,16.59493,Gemini,23.11770,Taurus,18.25204,Aquarius,26.75807,Aries,29.48612,Pisces,4.76640,Capricorn,8.73761,Pisces,4.04415,Virgo,4.04415
2025-03-04,Aquarius,19.72129,Aries,17.87847,Pisces,7.07776,Pisces,16.52287,Gemini,23.20856,Taurus,18.33910,Aquarius,26.88083,Aries,29.51338,Pisces,4.80318,Capricorn,8.76351,Pisces,3.99116,Virgo,3.99116
2025-03-05,Aquarius,20.72343,Taurus,2.24898,Pisces,8.43409,Pisces,16.40894,Gemini,23.31044,Taurus,18.42900,Aquarius,27.00374,Aries,29.54140,Pisces,4.84009,Capricorn,8.78912,Pisces,3.93817,Virgo,3.93817
2025-03-06,Aquarius,21.72498,Taurus,16.34367,Pisces,9.69263,Pisces,16.25294,Gemini,23.42314,Taurus,18.52171,Aquarius,27.12678,Aries,29.57019,Pisces,4.87713,Capricorn,8.81441,Pisces,3.88518,Virgo,3.88518
2025-03-07,Aquarius,22.72593,Gemini,0.14237,Pisces,10.84422,Pisces,16.05488,Gemini,23.54642,Taurus,18.61719,Aquarius,27.24994,Aries,29.59974,Pisces,4.91428,Capricorn,8.83939,Pisces,3.83218,Virgo,3.83218
2025-03-08,Aquarius,23.72627,Gemini,13.64521,Pisces,11.88023,Pisces,15.81501,Gemini,23.68006,Taurus,18.71541,Aquarius,27.37318,Aries,29.63003,Pisces,4.95155,Capricorn,8.86406,Pisces,3.77919,Virgo,3.77919
2025-03-09,Aquarius,24.72601,Gemini,26.86576,Pisces,12.79283,Pisces,15.53384,Gemini,23.82384,Taurus,18.81633,Aquarius,27.49650,Aries,29.66106,Pisces,4.98891,Capricorn,8.88840,Pisces,3.72620,Virgo,3.72620
2025-03-10,Aquarius,25.72516,Cancer,9.82488,Pisces,13.57512,Pisces,15.21219,Gemini,23.97754,Taurus,18.91992,Aquarius,27.61986,Aries,29.69282,Pisces,5.02636,Capricorn,8.91241,Pisces,3.67321,Virgo,3.67321
2025-03-11,Aquarius,26.72372,Cancer,22.54637,Pisces,14.22132,Pisces,14.85119,Gemini,24.14094,Taurus,19.02614,Aquarius,27.74326,Aries,29.72530,Pisces,5.06389,Capricorn,8.93609,Pisces,3.62022,Virgo,3.62022
2025-03-12,Aquarius,27.72171,Leo,5.05450,Pisces,14.72699,Pisces,14.45227,Gemini,24.31382,Taurus,19.13496,Aquarius,27.86666,Aries,29.75849,Pisces,5.10149,Capricorn,8.95943,Pisces,3.56722,Virgo,3.56722
2025-03-13,Aquarius,28.71912,Leo,17.37341,Pisces,15.08914,Pisces,14.01722,Gemini,24.49598,Taurus,19.24634,Aquarius,27.99006,Aries,29.79238,Pisces,5.13917,Capricorn,8.98243,Pisces,3.51423,Virgo,3.51423
2025-03-14,Aquarius,29.71599,Leo,29.52786,Pisces,15.30648,Pisces,13.54816,Gemini,24.68720,Taurus,19.36026,Aquarius,28.11346,Aries,29.82697,Pisces,5.17690,Capricorn,9.00508,Pisces,3.46124,Virgo,3.46124
2025-03-15,Pisces,0.71231,Virgo,11.54478,Pisces,15.37952,Pisces,13.04756,Gemini,24.88730,Taurus,19.47669,Aquarius,28.23684,Aries,29.86226,Pisces,5.21468,Capricorn,9.02738,Pisces,3.40825,Virgo,3.40825
2025-03-16,Pisces,1.70810,Virgo,23.45523,Pisces,15.31081,Pisces,12.51821,Gemini,25.09608,Taurus,19.59559,Aquarius,28.36017,Aries,29.89822,Pisces,5.25250,Capricorn,9.04932,Pisces,3.35526,Virgo,3.35526
2025-03-17,Pisces,2.70337,Libra,5.29621,Pisces,15.10503,Pisces,11.96322,Gemini,25.31334,Taurus,19.71692,Aquarius,28.48344,Aries,29.93485,Pisces,5.29036,Capricorn,9.07090,Pisces,3.30226,Virgo,3.30226
2025-03-18,Pisces,3.69813,Libra,17.11208,Pisces,14.76913,Pisces,11.38599,Gemini,25.53892,Taurus,19.84068,Aquarius,28.60662,Aries,29.97214,Pisces,5.32825,Capricorn,9.09211,Pisces,3.24927,Virgo,3.24927
2025-03-19,Pisces,4.69238,Libra,28.95529,Pisces,14.31239,Pisces,10.79018,Gemini,25.77263,Taurus,19.96681,Aquarius,28.72970,Taurus,0.01010,Pisces,5.36613,Capricorn,9.11295,Pisces,3.19628,Virgo,3.19628
2025-03-20,Pisces,5.68614,Scorpio,10.88627,Pisces,13.74634,Pisces,10.17967,Gemini,26.01430,Taurus,20.09530,Aquarius,28.85266,Taurus,0.04869,Pisces,5.40398,Capricorn,9.13341,Pisces,3.14329,Virgo,3.14329
2025-03-21,Pisces,6.67941,Scorpio,22.97226,Pisces,13.08467,Pisces,9.55851,Gemini,26.26377,Taurus,20.22611,Aquarius,28.97549,Taurus,0.08793,Pisces,5.44185,Capricorn,9.15350,Pisces,3.09030,Virgo,3.09030
2025-03-22,Pisces,7.67220,Sagittarius,5.28479,Pisces,12.34297,Pisces,8.93088,Gemini,26.52087,Taurus,20.35921,Aquarius,29.09816,Taurus,0.12780,Pisces,5.47976,Capricorn,9.17319,Pisces,3.03730,Virgo,3.03730
2025-03-23,Pisces,8.66450,Sagittarius,17.89566,Pisces,11.53836,Pisces,8.30103,Gemini,26.78546,Taurus,20.49459,Aquarius,29.22066,Taurus,0.16829,Pisces,5.51765,Capricorn,9.19250,Pisces,2.98431,Virgo,2.98431
2025-03-24,Pisces,9.65632,Capricorn,0.87080,Pisces,10.68901,Pisces,7.67321,Gemini,27.05738,Taurus,20.63220,Aquarius,29.34296,Taurus,0.20940,Pisces,5.55551,Capricorn,9.21141,Pisces,2.93132,Virgo,2.93132
2025-03-25,Pisces,10.64765,Capricorn,14.26216,Pisces,9.81359,Pisces,7.05163,Gemini,27.33648,Taurus,20.77202,Aquarius,29.46506,Taurus,0.25110,Pisces,5.59334,Capricorn,9.22992,Pisces,2.87833,Virgo,2.87833
2025-03-26,Pisces,11.63849,Capricorn,28.09767,Pisces,8.93072,Pisces,6.44038,Gemini,27.62262,Taurus,20.91402,Aquarius,29.58693,Taurus,0.29341,Pisces,5.63112,Capricorn,9.24802,Pisces,2.82534,Virgo,2.82534
2025-03-27,Pisces,12.62882,Aquarius,12.37093,Pisces,8.05836,Pisces,5.84340,Gemini,27.91567,Taurus,21.05817,Aquarius,29.70855,Taurus,0.33629,Pisces,5.66886,Capricorn,9.26572,Pisces,2.77234,Virgo,2.77234
2025-03-28,Pisces,13.61864,Aquarius,27.03293,Pisces,7.21329,Pisces,5.26442,Gemini,28.21548,Taurus,21.20444,Aquarius,29.82989,Taurus,0.37976,Pisces,5.70653,Capricorn,9.28300,Pisces,2.71935,Virgo,2.71935
2025-03-29,Pisces,14.60792,Pisces,11.98969,Pisces,6.41073,Pisces,4.70691,Gemini,28.52193,Taurus,21.35280,Aquarius,29.95095,Taurus,0.42379,Pisces,5.74414,Capricorn,9.29986,Pisces,2.66636,Virgo,2.66636
2025-03-30,Pisces,15.59664,Pisces,27.10886,Pisces,5.66395,Pisces,4.17410,Gemini,28.83486,Taurus,21.50322,Pisces,0.07170,Taurus,0.46837,Pisces,5.78167,Capricorn,9.31630,Pisces,2.61337,Virgo,2.61337
2025-03-31,Pisces,16.58477,Aries,12.23612,Pisces,4.98416,Pisces,3.66891,Gemini,29.15414,Taurus,21.65566,Pisces,0.19212,Taurus,0.51350,Pisces,5.81911,Capricorn,9.33231,Pisces,2.56038,Virgo,2.56038
2025-04-01,Pisces,17.57229,Aries,27.21805,Pisces,4.38041,Pisces,3.19397,Gemini,29.47963,Taurus,21.81009,Pisces,0.31219,Taurus,0.55916,Pisces,5.85645,Capricorn,9.34790,Pisces,2.50738,Virgo,2.50738
2025-04-02,Pisces,18.55920,Taurus,11.92484,Pisces,3.85967,Pisces,2.75162,Gemini,29.81116,Taurus,21.96648,Pisces,0.43188,Taurus,0.60534,Pisces,5.89369,Capricorn,9.36305,Pisces,2.45439,Virgo,2.45439
2025-04-03,Pisces,19.54546,Taurus,26.26602,Pisces,3.42692,Pisces,2.34390,Cancer,0.14860,Taurus,22.12478,Pisces,0.55119,Taurus,0.65202,Pisces,5.93082,Capricorn,9.37776,Pisces,2.40140,Virgo,2.40140
2025-04-04,Pisces,20.53107,Gemini,10.19595,Pisces,3.08535,Pisces,1.97254,Cancer,0.49179,Taurus,22.28497,Pisces,0.67008,Taurus,0.69921,Pisces,5.96782,Capricorn,9.39204,Pisces,2.34841,Virgo,2.34841
2025-04-05,Pisces,21.51604,Gemini,23.70981,Pisces,2.83661,Pisces,1.63900,Cancer,0.84058,Taurus,22.44700,Pisces,0.78855,Taurus,0.74688,Pisces,6.00470,Capricorn,9.40588,Pisces,2.29542,Virgo,2.29542
2025-04-06,Pisces,22.50037,Cancer,6.83402,Pisces,2.68103,Pisces,1.34441,Cancer,1.19484,Taurus,22.61084,Pisces,0.90658,Taurus,0.79502,Pisces,6.04143,Capricorn,9.41927,Pisces,2.24242,Virgo,2.24242
2025-04-07,Pisces,23.48405,Cancer,19.61489,Pisces,2.61783,Pisces,1.08966,Cancer,1.55442,Taurus,22.77647,Pisces,1.02415,Taurus,0.84363,Pisces,6.07802,Capricorn,9.43222,Pisces,2.18943,Virgo,2.18943
2025-04-08,Pisces,24.46710,Leo,2.10840,Pisces,2.64539,Pisces,0.87536,Cancer,1.91918,Taurus,22.94385,Pisces,1.14124,Taurus,0.89269,Pisces,6.11446,Capricorn,9.44472,Pisces,2.13644,Virgo,2.13644
2025-04-09,Pisces,25.44954,Leo,14.37255,Pisces,2.76143,Pisces,0.70187,Cancer,2.28901,Taurus,23.11294,Pisces,1.25784,Taurus,0.94219,Pisces,6.15073,Capricorn,9.45677,Pisces,2.08345,Virgo,2.08345
2025-04-10,Pisces,26.43136,Leo,26.46220,Pisces,2.96320,Pisces,0.56932,Cancer,2.66378,Taurus,23.28373,Pisces,1.37393,Taurus,0.99212,Pisces,6.18684,Capricorn,9.46837,Pisces,2.03046,Virgo,2.03046
2025-04-11,Pisces,27.41259,Virgo,8.42653,Pisces,3.24759,Pisces,0.47763,Cancer,3.04336,Taurus,23.45617,Pisces,1.48949,Taurus,1.04247,Pisces,6.22277,Capricorn,9.47952,Pisces,1.97746,Virgo,1.97746
2025-04-12,Pisces,28.39325,Virgo,20.30839,Pisces,3.61133,Pisces,0.42656,Cancer,3.42765,Taurus,23.63025,Pisces,1.60452,Taurus,1.09324,Pisces,6.25852,Capricorn,9.49021,Pisces,1.92447,Virgo,1.92447
2025-04-13,Pisces,29.37334,Libra,2.14512,Pisces,4.05102,Pisces,0.41567,Cancer,3.81654,Taurus,23.80592,Pisces,1.71899,Taurus,1.14440,Pisces,6.29408,Capricorn,9.50044,Pisces,1.87148,Virgo,1.87148
2025-04-14,Aries,0.35288,Libra,13.97054,Pisces,4.56327,Pisces,0.44441,Cancer,4.20993,Taurus,23.98318,Pisces,1.83288,Taurus,1.19595,Pisces,6.32944,Capricorn,9.51022,Pisces,1.81849,Virgo,1.81849
2025-04-15,Aries,1.33189,Libra,25.81752,Pisces,5.14470,Pisces,0.51209,Cancer,4.60772,Taurus,24.16198,Pisces,1.94619,Taurus,1.24788,Pisces,6.36460,Capricorn,9.51954,Pisces,1.76550,Virgo,1.76550
2025-04-16,Aries,2.31039,Scorpio,7.72075,Pisces,5.79205,Pisces,0.61792,Cancer,5.00982,Taurus,24.34231,Pisces,2.05889,Taurus,1.30018,Pisces,6.39954,Capricorn,9.52840,Pisces,1.71250,Virgo,1.71250
2025-04-17,Aries,3.28838,Scorpio,19.71923,Pisces,6.50217,Pisces,0.76103,Cancer,5.41614,Taurus,24.52413,Pisces,2.17097,Taurus,1.35284,Pisces,6.43427,Capricorn,9.53679,Pisces,1.65951,Virgo,1.65951
2025-04-18,Aries,4.26588,Sagittarius,1.85810,Pisces,7.27208,Pisces,0.94047,Cancer,5.82660,Taurus,24.70743,Pisces,2.28242,Taurus,1.40585,Pisces,6.46877,Capricorn,9.54472,Pisces,1.60652,Virgo,1.60652
2025-04-19,Aries,5.24292,Sagittarius,14.18925,Pisces,8.09894,Pisces,1.15525,Cancer,6.24111,Taurus,24.89217,Pisces,2.39320,Taurus,1.45920,Pisces,6.50303,Capricorn,9.55218,Pisces,1.55353,Virgo,1.55353
2025-04-20,Aries,6.21948,Sagittarius,26.77036,Pisces,8.98011,Pisces,1.40433,Cancer,6.65960,Taurus,25.07834,Pisces,2.50331,Taurus,1.51287,Pisces,6.53706,Capricorn,9.55918,Pisces,1.50054,Virgo,1.50054
2025-04-21,Aries,7.19559,Capricorn,9.66182,Pisces,9.91310,Pisces,1.68665,Cancer,7.08201,Taurus,25.26591,Pisces,2.61274,Taurus,1.56686,Pisces,6.57084,Capricorn,9.56570,Pisces,1.44754,Virgo,1.44754
2025-04-22,Aries,8.17126,Capricorn,22.92110,Pisces,10.89563,Pisces,2.00111,Cancer,7.50825,Taurus,25.45486,Pisces,2.72145,Taurus,1.62116,Pisces,6.60436,Capricorn,9.57176,Pisces,1.39455,Virgo,1.39455
2025-04-23,Aries,9.14648,Aquarius,6.59421,Pisces,11.92557,Pisces,2.34660,Cancer,7.93827,Taurus,25.64515,Pisces,2.82944,Taurus,1.67576,Pisces,6.63762,Capricorn,9.57734,Pisces,1.34156,Virgo,1.34156
2025-04-24,Aries,10.12125,Aquarius,20.70433,Pisces,13.00099,Pisces,2.72204,Cancer,8.37199,Taurus,25.83677,Pisces,2.93668,Taurus,1.73064,Pisces,6.67060,Capricorn,9.58245,Pisces,1.28857,Virgo,1.28857
2025-04-25,Aries,11.09558,Pisces,5.23910,Pisces,14.12009,Pisces,3.12631,Cancer,8.80937,Taurus,26.02970,Pisces,3.04316,Taurus,1.78579,Pisces,6.70331,Capricorn,9.58709,Pisces,1.23558,Virgo,1.23558
2025-04-26,Aries,12.06945,Pisces,20.13966,Pisces,15.28128,Pisces,3.55832,Cancer,9.25033,Taurus,26.22390,Pisces,3.14885,Taurus,1.84121,Pisces,6.73573,Capricorn,9.59125,Pisces,1.18258,Virgo,1.18258
2025-04-27,Aries,13.04284,Aries,5.29644,Pisces,16.48308,Pisces,4.01700,Cancer,9.69482,Taurus,26.41935,Pisces,3.25374,Taurus,1.89687,Pisces,6.76786,Capricorn,9.59494,Pisces,1.12959,Virgo,1.12959
2025-04-28,Aries,14.01574,Aries,20.55667,Pisces,17.72419,Pisces,4.50130,Cancer,10.14276,Taurus,26.61601,Pisces,3.35781,Taurus,1.95278,Pisces,6.79968,Capricorn,9.59815,Pisces,1.07660,Virgo,1.07660
2025-04-29,Aries,14.98812,Taurus,5.74509,Pisces,19.00344,Pisces,5.01022,Cancer,10.59408,Taurus,26.81387,Pisces,3.46103,Taurus,2.00890,Pisces,6.83120,Capricorn,9.60088,Pisces,1.02361,Virgo,1.02361
2025-04-30,Aries,15.95998,Taurus,20.69315,Pisces,20.31981,Pisces,5.54279,Cancer,11.04871,Taurus,27.01289,Pisces,3.56339,Taurus,2.06525,Pisces,6.86240,Capricorn,9.60314,Pisces,0.97062,Virgo,0.97062
2025-05-01,Aries,16.93129,Gemini,5.26689,Pisces,21.67243,Pisces,6.09809,Cancer,11.50658,Taurus,27.21305,Pisces,3.66488,Taurus,2.12179,Pisces,6.89327,Capricorn,9.60493,Pisces,0.91762,Virgo,0.91762
2025-05-02,Aries,17.90205,Gemini,19.38412,Pisces,23.06051,Pisces,6.67524,Cancer,11.96760,Taurus,27.41430,Pisces,3.76547,Taurus,2.17852,Pisces,6.92381,Capricorn,9.60624,Pisces,0.86463,Virgo,0.86463
2025-05-03,Aries,18.87225,Cancer,3.01754,Pisces,24.48343,Pisces,7.27341,Cancer,12.43170,Taurus,27.61663,Pisces,3.86515,Taurus,2.23542,Pisces,6.95401,Capricorn,9.60708,Pisces,0.81164,Virgo,0.81164
2025-05-04,Aries,19.84189,Cancer,16.18662,Pisces,25.94067,Pisces,7.89179,Cancer,12.89880,Taurus,27.82000,Pisces,3.96390,Taurus,2.29249,Pisces,6.98387,Capricorn,9.60745,Pisces,0.75865,Virgo,0.75865
2025-05-05,Aries,20.81098,Cancer,28.94393,Pisces,27.43178,Pisces,8.52963,Cancer,13.36884,Taurus,28.02440,Pisces,4.06171,Taurus,2.34971,Pisces,7.01338,Capricorn,9.60735,Pisces,0.70566,Virgo,0.70566
2025-05-06,Aries,21.77952,Leo,11.36112,Pisces,28.95644,Pisces,9.18619,Cancer,13.84174,Taurus,28.22978,Pisces,4.15856,Taurus,2.40707,Pisces,7.04254,Capricorn,9.60678,Pisces,0.65266,Virgo,0.65266
2025-05-07,Aries,22.74753,Leo,23.51726,Aries,0.51441,Pisces,9.86076,Cancer,14.31745,Taurus,28.43614,Pisces,4.25444,Taurus,2.46456,Pisces,7.07133,Capricorn,9.60575,Pisces,0.59967,Virgo,0.59967
2025-05-08,Aries,23.71502,Virgo,5.49030,Aries,2.10552,Pisces,10.55268,Cancer,14.79589,Taurus,28.64344,Pisces,4.34933,Taurus,2.52216,Pisces,7.09976,Capricorn,9.60425,Pisces,0.54668,Virgo,0.54668
2025-05-09,Aries,24.68200,Virgo,17.35164,Aries,3.72966,Pisces,11.26128,Cancer,15.27702,Taurus,28.85167,Pisces,4.44322,Taurus,2.57988,Pisces,7.12781,Capricorn,9.60229,Pisces,0.49369,Virgo,0.49369
2025-05-10,Aries,25.64849,Virgo,29.16298,Aries,5.38680,Pisces,11.98594,Cancer,15.76077,Taurus,29.06079,Pisces,4.53610,Taurus,2.63769,Pisces,7.15548,Capricorn,9.59987,Pisces,0.44070,Virgo,0.44070
2025-05-11,Aries,26.61451,Libra,10.97506,Aries,7.07693,Pisces,12.72606,Cancer,16.24710,Taurus,29.27079,Pisces,4.62795,Taurus,2.69559,Pisces,7.18278,Capricorn,9.59699,Pisces,0.38770,Virgo,0.38770
2025-05-12,Aries,27.58008,Libra,22.82808,Aries,8.80009,Pisces,13.48107,Cancer,16.73595,Taurus,29.48165,Pisces,4.71875,Taurus,2.75356,Pisces,7.20968,Capricorn,9.59366,Pisces,0.33471,Virgo,0.33471
2025-05-13,Aries,28.54521,Scorpio,4.75331,Aries,10.55633,Pisces,14.25040,Cancer,17.22729,Taurus,29.69334,Pisces,4.80849,Taurus,2.81161,Pisces,7.23619,Capricorn,9.58987,Pisces,0.28172,Virgo,0.28172
2025-05-14,Aries,29.50993,Scorpio,16.77592,Aries,12.34569,Pisces,15.03353,Cancer,17.72106,Taurus,29.90585,Pisces,4.89716,Taurus,2.86970,Pisces,7.26230,Capricorn,9.58563,Pisces,0.22873,Virgo,0.22873
2025-05-15,Taurus,0.47425,Scorpio,28.91849,Aries,14.16818,Pisces,15.82993,Cancer,18.21723,Gemini,0.11915,Pisces,4.98474,Taurus,2.92785,Pisces,7.28801,Capricorn,9.58094,Pisces,0.17574,Virgo,0.17574
2025-05-16,Taurus,1.43819,Sagittarius,11.20476,Aries,16.02377,Pisces,16.63910,Cancer,18.71577,Gemini,0.33322,Pisces,5.07122,Taurus,2.98604,Pisces,7.31330,Capricorn,9.57580,Pisces,0.12274,Virgo,0.12274
2025-05-17,Taurus,2.40178,Sagittarius,23.66303,Aries,17.91234,Pisces,17.46057,Cancer,19.21663,Gemini,0.54805,Pisces,5.15657,Taurus,3.04433,Pisces,7.33818,Capricorn,9.57021,Pisces,0.06975,Virgo,0.06975
2025-05-18,Taurus,3.36504,Capricorn,6.32819,Aries,19.83365,Pisces,18.29387,Cancer,19.71979,Gemini,0.76362,Pisces,5.24079,Taurus,3.10208,Pisces,7.36265,Capricorn,9.56418,Pisces,0.01676,Virgo,0.01676
2025-05-19,Taurus,4.32797,Capricorn,19.24199,Aries,21.78731,Pisces,19.13855,Cancer,20.22522,Gemini,0.97991,Pisces,5.32386,Taurus,3.16046,Pisces,7.38668,Capricorn,9.55771,Aquarius,29.96377,Leo,29.96377
2025-05-20,Taurus,5.29060,Aquarius,2.45046,Aries,23.77274,Pisces,19.99418,Cancer,20.73289,Gemini,1.19690,Pisces,5.40575,Taurus,3.21870,Pisces,7.41028,Capricorn,9.55079,Aquarius,29.91078,Leo,29.91078
2025-05-21,Taurus,6.25293,Aquarius,15.99817,Aries,25.78909,Pisces,20.86033,Cancer,21.24277,Gemini,1.41457,Pisces,5.48647,Taurus,3.27690,Pisces,7.43345,Capricorn,9.54344,Aquarius,29.85778,Leo,29.85778
2025-05-22,Taurus,7.21497,Aquarius,29.91892,Aries,27.83524,Pisces,21.73660,Cancer,21.75485,Gemini,1.63289,Pisces,5.56598,Taurus,3.33505,Pisces,7.45618,Capricorn,9.53566,Aquarius,29.80479,Leo,29.80479
2025-05-23,Taurus,8.17674,Pisces,14.22332,Aries,29.90975,Pisces,22.62258,Cancer,22.26910,Gemini,1.85186,Pisces,5.64427,Taurus,3.39316,Pisces,7.47845,Capricorn,9.52744,Aquarius,29.75180,Leo,29.75180
2025-05-24,Taurus,9.13822,Pisces,28.88541,Taurus,2.01078,Pisces,23.51789,Cancer,22.78550,Gemini,2.07145,Pisces,5.72133,Taurus,3.45121,Pisces,7.50028,Capricorn,9.51880,Aquarius,29.69881,Leo,29.69881
2025-05-25,Taurus,10.09941,Aries,13.83226,Taurus,4.13610,Pisces,24.42216,Cancer,23.30401,Gemini,2.29163,Pisces,5.79713,Taurus,3.50920,Pisces,7.52164,Capricorn,9.50973,Aquarius,29.64582,Leo,29.64582
2025-05-26,Taurus,11.06030,Aries,28.94247,Taurus,6.28303,Pisces,25.33503,Cancer,23.82462,Gemini,2.51238,Pisces,5.87166,Taurus,3.56710,Pisces,7.54254,Capricorn,9.50024,Aquarius,29.59282,Leo,29.59282
2025-05-27,Taurus,12.02087,Taurus,14.05792,Taurus,8.44848,Pisces,26.25615,Cancer,24.34728,Gemini,2.73369,Pisces,5.94491,Taurus,3.62492,Pisces,7.56298,Capricorn,9.49033,Aquarius,29.53983,Leo,29.53983
2025-05-28,Taurus,12.98112,Taurus,29.00849,Taurus,10.62894,Pisces,27.18522,Cancer,24.87198,Gemini,2.95552,Pisces,6.01685,Taurus,3.68263,Pisces,7.58293,Capricorn,9.48001,Aquarius,29.48684,Leo,29.48684
2025-05-29,Taurus,13.94102,Gemini,13.64217,Taurus,12.82051,Pisces,28.12194,Cancer,25.39866,Gemini,3.17785,Pisces,6.08747,Taurus,3.74023,Pisces,7.60241,Capricorn,9.46928,Aquarius,29.43385,Leo,29.43385
2025-05-30,Taurus,14.90056,Gemini,27.84996,Taurus,15.01903,Pisces,29.06602,Cancer,25.92728,Gemini,3.40065,Pisces,6.15676,Taurus,3.79770,Pisces,7.62141,Capricorn,9.45814,Aquarius,29.38086,Leo,29.38086
2025-05-31,Taurus,15.85974,Cancer,11.57773,Taurus,17.21999,Aries,0.01722,Cancer,26.45782,Gemini,3.62391,Pisces,6.22470,Taurus,3.85503,Pisces,7.63992,Capricorn,9.44661,Aquarius,29.32787,Leo,29.32787
2025-06-01,Taurus,16.81855,Cancer,24.82444,Taurus,19.41884,Aries,0.97529,Cancer,26.99022,Gemini,3.84759,Pisces,6.29129,Taurus,3.91221,Pisces,7.65794,Capricorn,9.43468,Aquarius,29.27487,Leo,29.27487
2025-06-02,Taurus,17.77700,Leo,7.63130,Taurus,21.61099,Aries,1.94002,Cancer,27.52445,Gemini,4.07168,Pisces,6.35651,Taurus,3.96922,Pisces,7.67547,Capricorn,9.42237,Aquarius,29.22188,Leo,29.22188
2025-06-03,Taurus,18.73509,Leo,20.06763,Taurus,23.79192,Aries,2.91120,Cancer,28.06047,Gemini,4.29616,Pisces,6.42034,Taurus,4.02607,Pisces,7.69250,Capricorn,9.40967,Aquarius,29.16889,Leo,29.16889
2025-06-04,Taurus,19.69283,Virgo,2.21769,Taurus,25.95730,Aries,3.88862,Cancer,28.59826,Gemini,4.52100,Pisces,6.48278,Taurus,4.08273,Pisces,7.70903,Capricorn,9.39659,Aquarius,29.11590,Leo,29.11590
2025-06-05,Taurus,20.65024,Virgo,14.17025,Taurus,28.10309,Aries,4.87209,Cancer,29.13777,Gemini,4.74618,Pisces,6.54382,Taurus,4.13920,Pisces,7.72506,Capricorn,9.38314,Aquarius,29.06291,Leo,29.06291
2025-06-06,Taurus,21.60732,Virgo,26.01097,Gemini,0.22558,Aries,5.86144,Cancer,29.67898,Gemini,4.97169,Pisces,6.60344,Taurus,4.19546,Pisces,7.74059,Capricorn,9.36933,Aquarius,29.00991,Leo,29.00991
2025-06-07,Taurus,22.56409,Libra,7.81727,Gemini,2.32147,Aries,6.85649,Leo,0.22187,Gemini,5.19751,Pisces,6.66164,Taurus,4.25151,Pisces,7.75561,Capricorn,9.35515,Aquarius,28.95692,Leo,28.95692
2025-06-08,Taurus,23.52056,Libra,19.65491,Gemini,4.38786,Aries,7.85708,Leo,0.76639,Gemini,5.42361,Pisces,6.71839,Taurus,4.30734,Pisces,7.77012,Capricorn,9.34062,Aquarius,28.90393,Leo,28.90393
2025-06-09,Taurus,24.47677,Scorpio,1.57617,Gemini,6.42228,Aries,8.86305,Leo,1.31254,Gemini,5.64999,Pisces,6.77370,Taurus,4.36293,Pisces,7.78412,Capricorn,9.32573,Aquarius,28.85094,Leo,28.85094
2025-06-10,Taurus,25.43272,Scorpio,13.61935,Gemini,8.42268,Aries,9.87424,Leo,1.86029,Gemini,5.87662,Pisces,6.82755,Taurus,4.41828,Pisces,7.79760,Capricorn,9.31050,Aquarius,28.79795,Leo,28.79795
2025-06-11,Taurus,26.38844,Scorpio,25.80977,Gemini,10.38737,Aries,10.89051,Leo,2.40962,Gemini,6.10349,Pisces,6.87993,Taurus,4.47337,Pisces,7.81056,Capricorn,9.29493,Aquarius,28.74495,Leo,28.74495
2025-06-12,Taurus,27.34395,Sagittarius,8.16234,Gemini,12.31501,Aries,11.91171,Leo,2.96052,Gemini,6.33057,Pisces,6.93083,Taurus,4.52821,Pisces,7.82301,Capricorn,9.27903,Aquarius,28.69196,Leo,28.69196
2025-06-13,Taurus,28.29927,Sagittarius,20.68545,Gemini,14.20455,Aries,12.93771,Leo,3.51297,Gemini,6.55786,Pisces,6.98023,Taurus,4.58276,Pisces,7.83494,Capricorn,9.26280,Aquarius,28.63897,Leo,28.63897
2025-06-14,Taurus,29.25443,Capricorn,3.38566,Gemini,16.05517,Aries,13.96838,Leo,4.06695,Gemini,6.78534,Pisces,7.02813,Taurus,4.63704,Pisces,7.84634,Capricorn,9.24624,Aquarius,28.58598,Leo,28.58598
2025-06-15,Gemini,0.20945,Capricorn,16.27222,Gemini,17.86628,Aries,15.00358,Leo,4.62246,Gemini,7.01299,Pisces,7.07452,Taurus,4.69102,Pisces,7.85721,Capricorn,9.22937,Aquarius,28.53299,Leo,28.53299
2025-06-16,Gemini,1.16436,Capricorn,29.36025,Gemini,19.63741,Aries,16.04318,Leo,5.17949,Gemini,7.24080,Pisces,7.11938,Taurus,4.74470,Pisces,7.86756,Capricorn,9.21219,Aquarius,28.47999,Leo,28.47999
2025-06-17,Gemini,2.11916,Aquarius,12.67158,Gemini,21.36822,Aries,17.08705,Leo,5.73803,Gemini,7.46875,Pisces,7.16270,Taurus,4.79807,Pisces,7.87737,Capricorn,9.19470,Aquarius,28.42700,Leo,28.42700
2025-06-18,Gemini,3.07389,Aquarius,26.23219,Gemini,23.05846,Aries,18.13507,Leo,6.29807,Gemini,7.69682,Pisces,7.20448,Taurus,4.85112,Pisces,7.88666,Capricorn,9.17690,Aquarius,28.37401,Leo,28.37401
2025-06-19,Gemini,4.02855,Pisces,10.06602,Gemini,24.70790,Aries,19.18711,Leo,6.85961,Gemini,7.92499,Pisces,7.24469,Taurus,4.90383,Pisces,7.89540,Capricorn,9.15882,Aquarius,28.32102,Leo,28.32102
2025-06-20,Gemini,4.98316,Pisces,24.18545,Gemini,26.31631,Aries,20.24304,Leo,7.42265,Gemini,8.15326,Pisces,7.28332,Taurus,4.95620,Pisces,7.90361,Capricorn,9.14044,Aquarius,28.26803,Leo,28.26803
2025-06-21,Gemini,5.93771,Aries,8.57975,Gemini,27.88349,Aries,21.30274,Leo,7.98718,Gemini,8.38159,Pisces,7.32037,Taurus,5.00821,Pisces,7.91128,Capricorn,9.12179,Aquarius,28.21503,Leo,28.21503
2025-06-22,Gemini,6.89223,Aries,23.20458,Gemini,29.40916,Aries,22.36608,Leo,8.55318,Gemini,8.60999,Pisces,7.35583,Taurus,5.05986,Pisces,7.91841,Capricorn,9.10285,Aquarius,28.16204,Leo,28.16204
2025-06-23,Gemini,7.84669,Taurus,7.97676,Cancer,0.89302,Aries,23.43294,Leo,9.12066,Gemini,8.83843,Pisces,7.38967,Taurus,5.11113,Pisces,7.92499,Capricorn,9.08365,Aquarius,28.10905,Leo,28.10905
2025-06-24,Gemini,8.80109,Taurus,22.77846,Cancer,2.33466,Aries,24.50320,Leo,9.68960,Gemini,9.06705,Pisces,7.42190,Taurus,5.16201,Pisces,7.93103,Capricorn,9.06419,Aquarius,28.05606,Leo,28.05606
2025-06-25,Gemini,9.75541,Gemini,7.47241,Cancer,3.73362,Aries,25.57675,Leo,10.25998,Gemini,9.29491,Pisces,7.45250,Taurus,5.21249,Pisces,7.93652,Capricorn,9.04448,Aquarius,28.00307,Leo,28.00307
2025-06-26,Gemini,10.70966,Gemini,21.92451,Cancer,5.08934,Aries,26.65349,Leo,10.83179,Gemini,9.52338,Pisces,7.48146,Taurus,5.26256,Pisces,7.94146,Capricorn,9.02452,Aquarius,27.95007,Leo,27.95007
2025-06-27,Gemini,11.66380,Cancer,6.02663,Cancer,6.40113,Aries,27.73332,Leo,11.40500,Gemini,9.75170,Pisces,7.50878,Taurus,5.31221,Pisces,7.94586,Capricorn,9.00432,Aquarius,27.89708,Leo,27.89708
2025-06-28,Gemini,12.61785,Cancer,19.71200,Cancer,7.66823,Aries,28.81615,Leo,11.97960,Gemini,9.97992,Pisces,7.53446,Taurus,5.36143,Pisces,7.94971,Capricorn,8.98389,Aquarius,27.84409,Leo,27.84409
2025-06-29,Gemini,13.57178,Leo,2.96007,Cancer,8.88973,Aries,29.90192,Leo,12.55555,Gemini,10.20802,Pisces,7.55848,Taurus,5.41020,Pisces,7.95300,Capricorn,8.96324,Aquarius,27.79110,Leo,27.79110
2025-06-30,Gemini,14.52559,Leo,15.79204,Cancer,10.06463,Taurus,0.99054,Leo,13.13285,Gemini,10.43599,Pisces,7.58085,Taurus,5.45852,Pisces,7.95576,Capricorn,8.94238,Aquarius,27.73811,Leo,27.73811
2025-07-01,Gemini,15.47930,Leo,28.26121,Cancer,11.19176,Taurus,2.08196,Leo,13.71146,Gemini,10.66382,Pisces,7.60155,Taurus,5.50638,Pisces,7.95796,Capricorn,8.92131,Aquarius,27.68511,Leo,27.68511
2025-07-02,Gemini,16.43290,Virgo,10.44201,Cancer,12.26987,Taurus,3.17612,Leo,14.29137,Gemini,10.89147,Pisces,7.62060,Taurus,5.55377,Pisces,7.95962,Capricorn,8.90004,Aquarius,27.63212,Leo,27.63212
2025-07-03,Gemini,17.38640,Virgo,22.42000,Cancer,13.29755,Taurus,4.27296,Leo,14.87256,Gemini,11.11894,Pisces,7.63797,Taurus,5.60068,Pisces,7.96074,Capricorn,8.87859,Aquarius,27.57913,Leo,27.57913
2025-07-04,Gemini,18.33981,Libra,4.28384,Cancer,14.27325,Taurus,5.37243,Leo,15.45502,Gemini,11.34620,Pisces,7.65368,Taurus,5.64710,Pisces,7.96131,Capricorn,8.85695,Aquarius,27.52614,Leo,27.52614
2025-07-05,Gemini,19.29314,Libra,16.11907,Cancer,15.19530,Taurus,6.47450,Leo,16.03873,Gemini,11.57325,Pisces,7.66772,Taurus,5.69302,Pisces,7.96134,Capricorn,8.83514,Aquarius,27.47315,Leo,27.47315
2025-07-06,Gemini,20.24641,Libra,28.00323,Cancer,16.06191,Taurus,7.57910,Leo,16.62368,Gemini,11.80005,Pisces,7.68009,Taurus,5.73843,Pisces,7.96083,Capricorn,8.81317,Aquarius,27.42015,Leo,27.42015
2025-07-07,Gemini,21.19963,Scorpio,10.00213,Cancer,16.87113,Taurus,8.68620,Leo,17.20985,Gemini,12.02659,Pisces,7.69078,Taurus,5.78333,Pisces,7.95978,Capricorn,8.79103,Aquarius,27.36716,Leo,27.36716
2025-07-08,Gemini,22.15282,Scorpio,22.16693,Cancer,17.62093,Taurus,9.79576,Leo,17.79724,Gemini,12.25287,Pisces,7.69979,Taurus,5.82771,Pisces,7.95819,Capricorn,8.76875,Aquarius,27.31417,Leo,27.31417
2025-07-09,Gemini,23.10601,Sagittarius,4.53246,Cancer,18.30914,Taurus,10.90774,Leo,18.38583,Gemini,12.47885,Pisces,7.70713,Taurus,5.87156,Pisces,7.95606,Capricorn,8.74633,Aquarius,27.26118,Leo,27.26118
2025-07-10,Gemini,24.05920,Sagittarius,17.11701,Cancer,18.93353,Taurus,12.02211,Leo,18.97563,Gemini,12.70453,Pisces,7.71280,Taurus,5.91486,Pisces,7.95340,Capricorn,8.72377,Aquarius,27.20819,Leo,27.20819
2025-07-11,Gemini,25.01243,Sagittarius,29.92404,Cancer,19.49180,Taurus,13.13884,Leo,19.56661,Gemini,12.92988,Pisces,7.71678,Taurus,5.95762,Pisces,7.95021,Capricorn,8.70108,Aquarius,27.15519,Leo,27.15519
2025-07-12,Gemini,25.96573,Capricorn,12.94590,Cancer,19.98161,Taurus,14.25788,Leo,20.15879,Gemini,13.15490,Pisces,7.71909,Taurus,5.99982,Pisces,7.94648,Capricorn,8.67828,Aquarius,27.10220,Leo,27.10220
2025-07-13,Gemini,26.91911,Capricorn,26.16887,Cancer,20.40064,Taurus,15.37921,Leo,20.75216,Gemini,13.37957,Pisces,7.71972,Taurus,6.04146,Pisces,7.94222,Capricorn,8.65536,Aquarius,27.04921,Leo,27.04921
2025-07-14,Gemini,27.87260,Aquarius,9.57845,Cancer,20.74662,Taurus,16.50279,Leo,21.34672,Gemini,13.60386,Pisces,7.71866,Taurus,6.08252,Pisces,7.93744,Capricorn,8.63234,Aquarius,26.99622,Leo,26.99622
2025-07-15,Gemini,28.82622,Aquarius,23.16345,Cancer,21.01739,Taurus,17.62858,Leo,21.94247,Gemini,13.82777,Pisces,7.71593,Taurus,6.12301,Pisces,7.93213,Capricorn,8.60923,Aquarius,26.94323,Leo,26.94323
2025-07-16,Gemini,29.78001,Pisces,6.91742,Cancer,21.21098,Taurus,18.75655,Leo,22.53941,Gemini,14.05127,Pisces,7.71151,Taurus,6.16291,Pisces,7.92629,Capricorn,8.58602,Aquarius,26.89023,Leo,26.89023
2025-07-17,Cancer,0.73397,Pisces,20.83673,Cancer,21.32568,Taurus,19.88666,Leo,23.13756,Gemini,14.27435,Pisces,7.70542,Taurus,6.20220,Pisces,7.91993,Capricorn,8.56274,Aquarius,26.83724,Leo,26.83724
2025-07-18,Cancer,1.68813,Aries,4.91552,Cancer,21.36016,Taurus,21.01886,Leo,23.73691,Gemini,14.49699,Pisces,7.69764,Taurus,6.24089,Pisces,7.91305,Capricorn,8.53939,Aquarius,26.78425,Leo,26.78425
2025-07-19,Cancer,2.64249,Aries,19.13838,Cancer,21.31357,Taurus,22.15310,Leo,24.33747,Gemini,14.71917,Pisces,7.68818,Taurus,6.27897,Pisces,7.90564,Capricorn,8.51597,Aquarius,26.73126,Leo,26.73126
2025-07-20,Cancer,3.59706,Taurus,3.47317,Cancer,21.18565,Taurus,23.28935,Leo,24.93923,Gemini,14.94087,Pisces,7.67705,Taurus,6.31641,Pisces,7.89773,Capricorn,8.49249,Aquarius,26.67827,Leo,26.67827
2025-07-21,Cancer,4.55184,Taurus,17.86627,Cancer,20.97688,Taurus,24.42754,Leo,25.54220,Gemini,15.16206,Pisces,7.66424,Taurus,6.35323,Pisces,7.88929,Capricorn,8.46898,Aquarius,26.62527,Leo,26.62527
2025-07-22,Cancer,5.50682,Gemini,2.24309,Cancer,20.68862,Taurus,25.56764,Leo,26.14637,Gemini,15.38272,Pisces,7.64976,Taurus,6.38940,Pisces,7.88035,Capricorn,8.44542,Aquarius,26.57228,Leo,26.57228
2025-07-23,Cancer,6.46201,Gemini,16.51487,Cancer,20.32326,Taurus,26.70959,Leo,26.75174,Gemini,15.60283,Pisces,7.63361,Taurus,6.42491,Pisces,7.87089,Capricorn,8.42183,Aquarius,26.51929,Leo,26.51929
2025-07-24,Cancer,7.41738,Cancer,0.59071,Cancer,19.88432,Taurus,27.85335,Leo,27.35830,Gemini,15.82236,Pisces,7.61580,Taurus,6.45977,Pisces,7.86093,Capricorn,8.39823,Aquarius,26.46630,Leo,26.46630
2025-07-25,Cancer,8.37294,Cancer,14.39153,Cancer,19.37661,Taurus,28.99889,Leo,27.96604,Gemini,16.04129,Pisces,7.59635,Taurus,6.49395,Pisces,7.85047,Capricorn,8.37462,Aquarius,26.41331,Leo,26.41331
2025-07-26,Cancer,9.32866,Cancer,27.86173,Cancer,18.80629,Gemini,0.14615,Leo,28.57495,Gemini,16.25960,Pisces,7.57525,Taurus,6.52745,Pisces,7.83952,Capricorn,8.35100,Aquarius,26.36031,Leo,26.36031
2025-07-27,Cancer,10.28454,Leo,10.97596,Cancer,18.18092,Gemini,1.29511,Leo,29.18501,Gemini,16.47727,Pisces,7.55252,Taurus,6.56027,Pisces,7.82807,Capricorn,8.32740,Aquarius,26.30732,Leo,26.30732
2025-07-28,Cancer,11.24057,Leo,23.74008,Cancer,17.50945,Gemini,2.44575,Leo,29.79622,Gemini,16.69426,Pisces,7.52818,Taurus,6.59240,Pisces,7.81613,Capricorn,8.30381,Aquarius,26.25433,Leo,26.25433
2025-07-29,Cancer,12.19676,Virgo,6.18771,Cancer,16.80216,Gemini,3.59803,Virgo,0.40855,Gemini,16.91057,Pisces,7.50223,Taurus,6.62382,Pisces,7.80372,Capricorn,8.28025,Aquarius,26.20134,Leo,26.20134
2025-07-30,Cancer,13.15309,Virgo,18.37438,Cancer,16.07051,Gemini,4.75194,Virgo,1.02200,Gemini,17.12616,Pisces,7.47468,Taurus,6.65454,Pisces,7.79082,Capricorn,8.25672,Aquarius,26.14835,Leo,26.14835
2025-07-31,Cancer,14.10957,Libra,0.37094,Cancer,15.32695,Gemini,5.90746,Virgo,1.63655,Gemini,17.34102,Pisces,7.44556,Taurus,6.68455,Pisces,7.77746,Capricorn,8.23324,Aquarius,26.09535,Leo,26.09535
2025-08-01,Cancer,15.06622,Libra,12.25726,Cancer,14.58464,Gemini,7.06457,Virgo,2.25220,Gemini,17.55512,Pisces,7.41487,Taurus,6.71383,Pisces,7.76363,Capricorn,8.20982,Aquarius,26.04236,Leo,26.04236
2025-08-02,Cancer,16.02302,Libra,24.11672,Cancer,13.85719,Gemini,8.22327,Virgo,2.86894,Gemini,17.76845,Pisces,7.38263,Taurus,6.74239,Pisces,7.74934,Capricorn,8.18645,Aquarius,25.98937,Leo,25.98937
2025-08-03,Cancer,16.98000,Scorpio,6.03128,Cancer,13.15827,Gemini,9.38354,Virgo,3.48676,Gemini,17.98099,Pisces,7.34885,Taurus,6.77022,Pisces,7.73460,Capricorn,8.16316,Aquarius,25.93638,Leo,25.93638
2025-08-04,Cancer,17.93716,Scorpio,18.07683,Cancer,12.50133,Gemini,10.54536,Virgo,4.10565,Gemini,18.19271,Pisces,7.31356,Taurus,6.79731,Pisces,7.71941,Capricorn,8.13995,Aquarius,25.88339,Leo,25.88339
2025-08-05,Cancer,18.89451,Sagittarius,0.31887,Cancer,11.89927,Gemini,11.70874,Virgo,4.72561,Gemini,18.40360,Pisces,7.27676,Taurus,6.82366,Pisces,7.70377,Capricorn,8.11682,Aquarius,25.83039,Leo,25.83039
2025-08-06,Cancer,19.85208,Sagittarius,12.80836,Cancer,11.36414,Gemini,12.87366,Virgo,5.34663,Gemini,18.61364,Pisces,7.23847,Taurus,6.84926,Pisces,7.68770,Capricorn,8.09379,Aquarius,25.77740,Leo,25.77740
2025-08-07,Cancer,20.80987,Sagittarius,25.57813,Cancer,10.90696,Gemini,14.04012,Virgo,5.96871,Gemini,18.82280,Pisces,7.19872,Taurus,6.87412,Pisces,7.67120,Capricorn,8.07086,Aquarius,25.72441,Leo,25.72441
2025-08-08,Cancer,21.76792,Capricorn,8.64065,Cancer,10.53753,Gemini,15.20811,Virgo,6.59184,Gemini,19.03108,Pisces,7.15752,Taurus,6.89821,Pisces,7.65428,Capricorn,8.04804,Aquarius,25.67142,Leo,25.67142
2025-08-09,Cancer,22.72624,Capricorn,21.98783,Cancer,10.26430,Gemini,16.37764,Virgo,7.21604,Gemini,19.23845,Pisces,7.11488,Taurus,6.92154,Pisces,7.63694,Capricorn,8.02534,Aquarius,25.61843,Leo,25.61843
2025-08-10,Cancer,23.68485,Aquarius,5.59330,Cancer,10.09439,Gemini,17.54870,Virgo,7.84129,Gemini,19.44489,Pisces,7.07082,Taurus,6.94411,Pisces,7.61918,Capricorn,8.00277,Aquarius,25.56543,Leo,25.56543
2025-08-11,Cancer,24.64379,Aquarius,19.41705,Cancer,10.03355,Gemini,18.72128,Virgo,8.46762,Gemini,19.65039,Pisces,7.02536,Taurus,6.96590,Pisces,7.60102,Capricorn,7.98033,Aquarius,25.51244,Leo,25.51244
2025-08-12,Cancer,25.60308,Pisces,3.41154,Cancer,10.08622,Gemini,19.89537,Virgo,9.09501,Gemini,19.85491,Pisces,6.97852,Taurus,6.98692,Pisces,7.58246,Capricorn,7.95804,Aquarius,25.45945,Leo,25.45945
2025-08-13,Cancer,26.56275,Pisces,17.52756,Cancer,10.25559,Gemini,21.07098,Virgo,9.72348,Gemini,20.05845,Pisces,6.93032,Taurus,7.00715,Pisces,7.56350,Capricorn,7.93589,Aquarius,25.40646,Leo,25.40646
2025-08-14,Cancer,27.52281,Aries,1.71858,Cancer,10.54371,Gemini,22.24809,Virgo,10.35305,Gemini,20.26098,Pisces,6.88078,Taurus,7.02660,Pisces,7.54416,Capricorn,7.91391,Aquarius,25.35347,Leo,25.35347
2025-08-15,Cancer,28.48329,Aries,15.94259,Cancer,10.95159,Gemini,23.42667,Virgo,10.98370,Gemini,20.46248,Pisces,6.82991,Taurus,7.04525,Pisces,7.52443,Capricorn,7.89208,Aquarius,25.30047,Leo,25.30047
2025-08-16,Cancer,29.44419,Taurus,0.16144,Cancer,11.47924,Gemini,24.60672,Virgo,11.61546,Gemini,20.66292,Pisces,6.77774,Taurus,7.06311,Pisces,7.50433,Capricorn,7.87043,Aquarius,25.24748,Leo,25.24748
2025-08-17,Leo,0.40554,Taurus,14.33871,Cancer,12.12583,Gemini,25.78821,Virgo,12.24833,Gemini,20.86228,Pisces,6.72429,Taurus,7.08016,Pisces,7.48386,Capricorn,7.84897,Aquarius,25.19449,Leo,25.19449
2025-08-18,Leo,1.36732,Taurus,28.43722,Cancer,12.88968,Gemini,26.97112,Virgo,12.88230,Gemini,21.06053,Pisces,6.66958,Taurus,7.09640,Pisces,7.46302,Capricorn,7.82769,Aquarius,25.14150,Leo,25.14150
2025-08-19,Leo,2.32955,Gemini,12.41768,Cancer,13.76834,Gemini,28.15542,Virgo,13.51739,Gemini,21.25764,Pisces,6.61365,Taurus,7.11182,Pisces,7.44183,Capricorn,7.80661,Aquarius,25.08851,Leo,25.08851
2025-08-20,Leo,3.29222,Gemini,26.23919,Cancer,14.75865,Gemini,29.34108,Virgo,14.15359,Gemini,21.45358,Pisces,6.55650,Taurus,7.12643,Pisces,7.42030,Capricorn,7.78574,Aquarius,25.03551,Leo,25.03551
2025-08-21,Leo,4.25532,Cancer,9.86183,Cancer,15.85672,Cancer,0.52808,Virgo,14.79090,Gemini,21.64834,Pisces,6.49818,Taurus,7.14021,Pisces,7.39843,Capricorn,7.76508,Aquarius,24.98252,Leo,24.98252
2025-08-22,Leo,5.21883,Cancer,23.25072,Cancer,17.05797,Cancer,1.71639,Virgo,15.42931,Gemini,21.84187,Pisces,6.43871,Taurus,7.15317,Pisces,7.37622,Capricorn,7.74465,Aquarius,24.92953,Leo,24.92953
2025-08-23,Leo,6.18276,Leo,6.38057,Cancer,18.35717,Cancer,2.90599,Virgo,16.06882,Gemini,22.03415,Pisces,6.37812,Taurus,7.16529,Pisces,7.35370,Capricorn,7.72445,Aquarius,24.87654,Leo,24.87654
2025-08-24,Leo,7.14708,Leo,19.23953,Cancer,19.74845,Cancer,4.09685,Virgo,16.70942,Gemini,22.22516,Pisces,6.31645,Taurus,7.17658,Pisces,7.33086,Capricorn,7.70449,Aquarius,24.82355,Leo,24.82355
2025-08-25,Leo,8.11179,Virgo,1.83169,Cancer,21.22537,Cancer,5.28896,Virgo,17.35110,Gemini,22.41486,Pisces,6.25372,Taurus,7.18703,Pisces,7.30772,Capricorn,7.68478,Aquarius,24.77055,Leo,24.77055
2025-08-26,Leo,9.07689,Virgo,14.17787,Cancer,22.78097,Cancer,6.48230,Virgo,17.99386,Gemini,22.60323,Pisces,6.18997,Taurus,7.19665,Pisces,7.28429,Capricorn,7.66532,Aquarius,24.71756,Leo,24.71756
2025-08-27,Leo,10.04235,Virgo,26.31491,Cancer,24.40789,Cancer,7.67684,Virgo,18.63767,Gemini,22.79025,Pisces,6.12523,Taurus,7.20542,Pisces,7.26057,Capricorn,7.64613,Aquarius,24.66457,Leo,24.66457
2025-08-28,Leo,11.00819,Libra,8.29376,Cancer,26.09847,Cancer,8.87259,Virgo,19.28255,Gemini,22.97588,Pisces,6.05954,Taurus,7.21335,Pisces,7.23658,Capricorn,7.62720,Aquarius,24.61158,Leo,24.61158
2025-08-29,Leo,11.97440,Libra,20.17699,Cancer,27.84493,Cancer,10.06952,Virgo,19.92847,Gemini,23.16011,Pisces,5.99293,Taurus,7.22044,Pisces,7.21232,Capricorn,7.60856,Aquarius,24.55859,Leo,24.55859
2025-08-30,Leo,12.94098,Scorpio,2.03571,Cancer,29.63945,Cancer,11.26763,Virgo,20.57544,Gemini,23.34291,Pisces,5.92543,Taurus,7.22668,Pisces,7.18780,Capricorn,7.59020,Aquarius,24.50559,Leo,24.50559
2025-08-31,Leo,13.90793,Scorpio,13.94628,Leo,1.47438,Cancer,12.46691,Virgo,21.22344,Gemini,23.52425,Pisces,5.85709,Taurus,7.23209,Pisces,7.16304,Capricorn,7.57213,Aquarius,24.45260,Leo,24.45260
2025-09-01,Leo,14.87525,Scorpio,25.98658,Leo,3.34233,Cancer,13.66736,Virgo,21.87248,Gemini,23.70410,Pisces,5.78793,Taurus,7.23664,Pisces,7.13804,Capricorn,7.55436,Aquarius,24.39961,Leo,24.39961
2025-09-02,Leo,15.84296,Sagittarius,8.23171,Leo,5.23632,Cancer,14.86895,Virgo,22.52254,Gemini,23.88246,Pisces,5.71799,Taurus,7.24035,Pisces,7.11282,Capricorn,7.53689,Aquarius,24.34662,Leo,24.34662
2025-09-03,Leo,16.81105,Sagittarius,20.74903,Leo,7.14988,Cancer,16.07170,Virgo,23.17362,Gemini,24.05928,Pisces,5.64731,Taurus,7.24322,Pisces,7.08737,Capricorn,7.51973,Aquarius,24.29363,Leo,24.29363
2025-09-04,Leo,17.77954,Capricorn,3.59238,Leo,9.07710,Cancer,17.27559,Virgo,23.82573,Gemini,24.23455,Pisces,5.57593,Taurus,7.24525,Pisces,7.06172,Capricorn,7.50290,Aquarius,24.24063,Leo,24.24063
2025-09-05,Leo,18.74845,Capricorn,16.79605,Leo,11.01266,Cancer,18.48063,Virgo,24.47886,Gemini,24.40824,Pisces,5.50387,Taurus,7.24643,Pisces,7.03587,Capricorn,7.48638,Aquarius,24.18764,Leo,24.18764
2025-09-06,Leo,19.71779,Aquarius,0.36907,Leo,12.95188,Cancer,19.68682,Virgo,25.13301,Gemini,24.58034,Pisces,5.43118,Taurus,7.24677,Pisces,7.00983,Capricorn,7.47019,Aquarius,24.13465,Leo,24.13465
2025-09-07,Leo,20.68757,Aquarius,14.29132,Leo,14.89067,Cancer,20.89415,Virgo,25.78818,Gemini,24.75080,Pisces,5.35790,Taurus,7.24627,Pisces,6.98362,Capricorn,7.45434,Aquarius,24.08166,Leo,24.08166
2025-09-08,Leo,21.65783,Aquarius,28.51291,Leo,16.82553,Cancer,22.10263,Virgo,26.44438,Gemini,24.91962,Pisces,5.28405,Taurus,7.24493,Pisces,6.95723,Capricorn,7.43883,Aquarius,24.02867,Leo,24.02867
2025-09-09,Leo,22.62860,Pisces,12.95802,Leo,18.75352,Cancer,23.31225,Virgo,27.10162,Gemini,25.08677,Pisces,5.20967,Taurus,7.24275,Pisces,6.93068,Capricorn,7.42366,Aquarius,23.97567,Leo,23.97567
2025-09-10,Leo,23.59988,Pisces,27.53315,Leo,20.67219,Cancer,24.52302,Virgo,27.75991,Gemini,25.25221,Pisces,5.13480,Taurus,7.23973,Pisces,6.90397,Capricorn,7.40884,Aquarius,23.92268,Leo,23.92268
2025-09-11,Leo,24.57172,Aries,12.13866,Leo,22.57951,Cancer,25.73494,Virgo,28.41925,Gemini,25.41592,Pisces,5.05947,Taurus,7.23587,Pisces,6.87713,Capricorn,7.39438,Aquarius,23.86969,Leo,23.86969
2025-09-12,Leo,25.54412,Aries,26.68079,Leo,24.47387,Cancer,26.94799,Virgo,29.07965,Gemini,25.57788,Pisces,4.98373,Taurus,7.23118,Pisces,6.85015,Capricorn,7.38028,Aquarius,23.81670,Leo,23.81670
2025-09-13,Leo,26.51711,Taurus,11.08136,Leo,26.35401,Cancer,28.16216,Virgo,29.74113,Gemini,25.73805,Pisces,4.90761,Taurus,7.22565,Pisces,6.82305,Capricorn,7.36655,Aquarius,23.76371,Leo,23.76371
2025-09-14,Leo,27.49069,Taurus,25.28331,Leo,28.21893,Cancer,29.37744,Libra,0.40369,Gemini,25.89640,Pisces,4.83114,Taurus,7.21928,Pisces,6.79583,Capricorn,7.35319,Aquarius,23.71071,Leo,23.71071
2025-09-15,Leo,28.46488,Gemini,9.25137,Virgo,0.06790,Leo,0.59381,Libra,1.06733,Gemini,26.05290,Pisces,4.75437,Taurus,7.21208,Pisces,6.76851,Capricorn,7.34021,Aquarius,23.65772,Leo,23.65772
2025-09-16,Leo,29.43967,Gemini,22.96917,Virgo,1.90040,Leo,1.81125,Libra,1.73207,Gemini,26.20752,Pisces,4.67734,Taurus,7.20404,Pisces,6.74110,Capricorn,7.32762,Aquarius,23.60473,Leo,23.60473
2025-09-17,Virgo,0.41506,Cancer,6.43419,Virgo,3.71608,Leo,3.02973,Libra,2.39789,Gemini,26.36021,Pisces,4.60009,Taurus,7.19518,Pisces,6.71361,Capricorn,7.31541,Aquarius,23.55174,Leo,23.55174
2025-09-18,Virgo,1.39104,Cancer,19.65264,Virgo,5.51475,Leo,4.24924,Libra,3.06480,Gemini,26.51096,Pisces,4.52267,Taurus,7.18548,Pisces,6.68604,Capricorn,7.30360,Aquarius,23.49875,Leo,23.49875
2025-09-19,Virgo,2.36761,Leo,2.63532,Virgo,7.29634,Leo,5.46974,Libra,3.73280,Gemini,26.65972,Pisces,4.44511,Taurus,7.17497,Pisces,6.65842,Capricorn,7.29219,Aquarius,23.44575,Leo,23.44575
2025-09-20,Virgo,3.34475,Leo,15.39510,Virgo,9.06084,Leo,6.69122,Libra,4.40188,Gemini,26.80646,Pisces,4.36746,Taurus,7.16363,Pisces,6.63074,Capricorn,7.28119,Aquarius,23.39276,Leo,23.39276
2025-09-21,Virgo,4.32244,Leo,27.94631,Virgo,10.80837,Leo,7.91365,Libra,5.07204,Gemini,26.95115,Pisces,4.28976,Taurus,7.15147,Pisces,6.60303,Capricorn,7.27060,Aquarius,23.33977,Leo,23.33977
2025-09-22,Virgo,5.30069,Virgo,10.30540,Virgo,12.53908,Leo,9.13701,Libra,5.74327,Gemini,27.09377,Pisces,4.21206,Taurus,7.13851,Pisces,6.57529,Capricorn,7.26043,Aquarius,23.28678,Leo,23.28678
2025-09-23,Virgo,6.27947,Virgo,22.49269,Virgo,14.25316,Leo,10.36128,Libra,6.41557,Gemini,27.23426,Pisces,4.13441,Taurus,7.12473,Pisces,6.54753,Capricorn,7.25068,Aquarius,23.23379,Leo,23.23379
2025-09-24,Virgo,7.25878,Libra,4.53435,Virgo,15.95085,Leo,11.58644,Libra,7.08892,Gemini,27.37262,Pisces,4.05683,Taurus,7.11016,Pisces,6.51978,Capricorn,7.24135,Aquarius,23.18079,Leo,23.18079
2025-09-25,Virgo,8.23859,Libra,16.46422,Virgo,17.63241,Leo,12.81247,Libra,7.76332,Gemini,27.50879,Pisces,3.97939,Taurus,7.09480,Pisces,6.49203,Capricorn,7.23245,Aquarius,23.12780,Leo,23.12780
2025-09-26,Virgo,9.21892,Libra,28.32517,Virgo,19.29812,Leo,14.03935,Libra,8.43877,Gemini,27.64277,Pisces,3.90212,Taurus,7.07864,Pisces,6.46430,Capricorn,7.22399,Aquarius,23.07481,Leo,23.07481
2025-09-27,Virgo,10.19974,Scorpio,10.16955,Virgo,20.94825,Leo,15.26707,Libra,9.11525,Gemini,27.77451,Pisces,3.82507,Taurus,7.06171,Pisces,6.43660,Capricorn,7.21596,Aquarius,23.02182,Leo,23.02182
2025-09-28,Virgo,11.18105,Scorpio,22.05883,Virgo,22.58309,Leo,16.49561,Libra,9.79277,Gemini,27.90399,Pisces,3.74828,Taurus,7.04401,Pisces,6.40894,Capricorn,7.20837,Aquarius,22.96883,Leo,22.96883
2025-09-29,Virgo,12.16285,Sagittarius,4.06216,Virgo,24.20292,Leo,17.72496,Libra,10.47131,Gemini,28.03118,Pisces,3.67179,Taurus,7.02554,Pisces,6.38134,Capricorn,7.20123,Aquarius,22.91583,Leo,22.91583
2025-09-30,Virgo,13.14513,Sagittarius,16.25390,Virgo,25.80800,Leo,18.95510,Libra,11.15088,Gemini,28.15605,Pisces,3.59564,Taurus,7.00631,Pisces,6.35380,Capricorn,7.19453,Aquarius,22.86284,Leo,22.86284
2025-10-01,Virgo,14.12790,Sagittarius,28.70963,Virgo,27.39859,Leo,20.18603,Libra,11.83146,Gemini,28.27857,Pisces,3.51988,Taurus,6.98633,Pisces,6.32633,Capricorn,7.18828,Aquarius,22.80985,Leo,22.80985
2025-10-02,Virgo,15.11115,Capricorn,11.50058,Virgo,28.97491,Leo,21.41773,Libra,12.51305,Gemini,28.39872,Pisces,3.44454,Taurus,6.96561,Pisces,6.29895,Capricorn,7.18249,Aquarius,22.75686,Leo,22.75686
2025-10-03,Virgo,16.09489,Capricorn,24.68605,Libra,0.53718,Leo,22.65021,Libra,13.19566,Gemini,28.51647,Pisces,3.36967,Taurus,6.94417,Pisces,6.27167,Capricorn,7.17714,Aquarius,22.70387,Leo,22.70387
2025-10-04,Virgo,17.07912,Aquarius,8.30395,Libra,2.08558,Leo,23.88344,Libra,13.87927,Gemini,28.63180,Pisces,3.29530,Taurus,6.92199,Pisces,6.24449,Capricorn,7.17226,Aquarius,22.65087,Leo,22.65087
2025-10-05,Virgo,18.06387,Aquarius,22.36048,Libra,3.62027,Leo,25.11743,Libra,14.56390,Gemini,28.74467,Pisces,3.22147,Taurus,6.89911,Pisces,6.21743,Capricorn,7.16783,Aquarius,22.59788,Leo,22.59788
2025-10-06,Virgo,19.04914,Pisces,6.82104,Libra,5.14137,Leo,26.35218,Libra,15.24954,Gemini,28.85505,Pisces,3.14822,Taurus,6.87552,Pisces,6.19050,Capricorn,7.16386,Aquarius,22.54489,Leo,22.54489
2025-10-07,Virgo,20.03496,Pisces,21.60592,Libra,6.64896,Leo,27.58769,Libra,15.93620,Gemini,28.96294,Pisces,3.07559,Taurus,6.85123,Pisces,6.16370,Capricorn,7.16035,Aquarius,22.49190,Leo,22.49190
2025-10-08,Virgo,21.02134,Aries,6.59447,Libra,8.14309,Leo,28.82395,Libra,16.62389,Gemini,29.06828,Pisces,3.00361,Taurus,6.82626,Pisces,6.13705,Capricorn,7.15731,Aquarius,22.43891,Leo,22.43891
2025-10-09,Virgo,22.00831,Aries,21.63951,Libra,9.62375,Virgo,0.06096,Libra,17.31261,Gemini,29.17106,Pisces,2.93232,Taurus,6.80061,Pisces,6.11056,Capricorn,7.15473,Aquarius,22.38591,Leo,22.38591
2025-10-10,Virgo,22.99590,Taurus,6.58965,Libra,11.09088,Virgo,1.29872,Libra,18.00238,Gemini,29.27124,Pisces,2.86175,Taurus,6.77429,Pisces,6.08423,Capricorn,7.15262,Aquarius,22.33292,Leo,22.33292
2025-10-11,Virgo,23.98411,Taurus,21.31286,Libra,12.54436,Virgo,2.53722,Libra,18.69320,Gemini,29.36879,Pisces,2.79195,Taurus,6.74730,Pisces,6.05807,Capricorn,7.15097,Aquarius,22.27993,Leo,22.27993
2025-10-12,Virgo,24.97297,Gemini,5.71408,Libra,13.98400,Virgo,3.77646,Libra,19.38508,Gemini,29.46368,Pisces,2.72294,Taurus,6.71967,Pisces,6.03211,Capricorn,7.14980,Aquarius,22.22694,Leo,22.22694
2025-10-13,Virgo,25.96248,Gemini,19.74212,Libra,15.40953,Virgo,5.01641,Libra,20.07804,Gemini,29.55587,Pisces,2.65476,Taurus,6.69139,Pisces,6.00634,Capricorn,7.14911,Aquarius,22.17395,Leo,22.17395
2025-10-14,Virgo,26.95263,Cancer,3.38647,Libra,16.82060,Virgo,6.25705,Libra,20.77206,Gemini,29.64533,Pisces,2.58746,Taurus,6.66248,Pisces,5.98077,Capricorn,7.14888,Aquarius,22.12095,Leo,22.12095
2025-10-15,Virgo,27.94343,Cancer,16.66770,Libra,18.21675,Virgo,7.49838,Libra,21.46716,Gemini,29.73203,Pisces,2.52107,Taurus,6.63295,Pisces,5.95543,Capricorn,7.14914,Aquarius,22.06796,Leo,22.06796
2025-10-16,Virgo,28.93488,Cancer,29.62563,Libra,19.59743,Virgo,8.74036,Libra,22.16332,Gemini,29.81593,Pisces,2.45562,Taurus,6.60282,Pisces,5.93031,Capricorn,7.14987,Aquarius,22.01497,Leo,22.01497
2025-10-17,Virgo,29.92695,Leo,12.30874,Libra,20.96196,Virgo,9.98298,Libra,22.86056,Gemini,29.89700,Pisces,2.39116,Taurus,6.57208,Pisces,5.90543,Capricorn,7.15108,Aquarius,21.96198,Leo,21.96198
2025-10-18,Libra,0.91964,Leo,24.76607,Libra,22.30952,Virgo,11.22621,Libra,23.55886,Gemini,29.97521,Pisces,2.32771,Taurus,6.54076,Pisces,5.88079,Capricorn,7.15278,Aquarius,21.90899,Leo,21.90899
2025-10-19,Libra,1.91294,Virgo,7.04228,Libra,23.63917,Virgo,12.47004,Libra,24.25823,Cancer,0.05053,Pisces,2.26532,Taurus,6.50887,Pisces,5.85642,Capricorn,7.15496,Aquarius,21.85599,Leo,21.85599
2025-10-20,Libra,2.90682,Virgo,19.17543,Libra,24.94977,Virgo,13.71443,Libra,24.95865,Cancer,0.12293,Pisces,2.20403,Taurus,6.47642,Pisces,5.83232,Capricorn,7.15762,Aquarius,21.80300,Leo,21.80300
2025-10-21,Libra,3.90128,Libra,1.19717,Libra,26.24001,Virgo,14.95937,Libra,25.66011,Cancer,0.19239,Pisces,2.14386,Taurus,6.44343,Pisces,5.80850,Capricorn,7.16076,Aquarius,21.75001,Leo,21.75001
2025-10-22,Libra,4.89630,Libra,13.13467,Libra,27.50838,Virgo,16.20483,Libra,26.36262,Cancer,0.25887,Pisces,2.08485,Taurus,6.40990,Pisces,5.78497,Capricorn,7.16439,Aquarius,21.69702,Leo,21.69702
2025-10-23,Libra,5.89185,Libra,25.01366,Libra,28.75312,Virgo,17.45080,Libra,27.06617,Cancer,0.32236,Pisces,2.02703,Taurus,6.37586,Pisces,5.76174,Capricorn,7.16850,Aquarius,21.64403,Leo,21.64403
2025-10-24,Libra,6.88794,Scorpio,6.86202,Libra,29.97219,Virgo,18.69725,Libra,27.77074,Cancer,0.38282,Pisces,1.97044,Taurus,6.34132,Pisces,5.73883,Capricorn,7.17309,Aquarius,21.59103,Leo,21.59103
2025-10-25,Libra,7.88453,Scorpio,18.71313,Scorpio,1.16328,Virgo,19.94417,Libra,28.47633,Cancer,0.44023,Pisces,1.91510,Taurus,6.30630,Pisces,5.71623,Capricorn,7.17817,Aquarius,21.53804,Leo,21.53804
2025-10-26,Libra,8.88163,Sagittarius,0.60867,Scorpio,2.32372,Virgo,21.19153,Libra,29.18293,Cancer,0.49458,Pisces,1.86105,Taurus,6.27080,Pisces,5.69396,Capricorn,7.18373,Aquarius,21.48505,Leo,21.48505
2025-10-27,Libra,9.87920,Sagittarius,12.60016,Scorpio,3.45046,Virgo,22.43933,Libra,29.89053,Cancer,0.54584,Pisces,1.80831,Taurus,6.23486,Pisces,5.67204,Capricorn,7.18977,Aquarius,21.43206,Leo,21.43206
2025-10-28,Libra,10.87725,Sagittarius,24.74923,Scorpio,4.54001,Virgo,23.68754,Scorpio,0.59913,Cancer,0.59400,Pisces,1.75692,Taurus,6.19847,Pisces,5.65046,Capricorn,7.19628,Aquarius,21.37907,Leo,21.37907
2025-10-29,Libra,11.87576,Capricorn,7.12603,Scorpio,5.58842,Virgo,24.93616,Scorpio,1.30872,Cancer,0.63902,Pisces,1.70689,Taurus,6.16167,Pisces,5.62923,Capricorn,7.20328,Aquarius,21.32607,Leo,21.32607
2025-10-30,Libra,12.87473,Capricorn,19.80556,Scorpio,6.59117,Virgo,26.18516,Scorpio,2.01929,Cancer,0.68091,Pisces,1.65825,Taurus,6.12445,Pisces,5.60838,Capricorn,7.21076,Aquarius,21.27308,Leo,21.27308
2025-10-31,Libra,13.87414,Aquarius,2.86126,Scorpio,7.54317,Virgo,27.43454,Scorpio,2.73085,Cancer,0.71963,Pisces,1.61103,Taurus,6.08685,Pisces,5.58790,Capricorn,7.21871,Aquarius,21.22009,Leo,21.22009
2025-11-01,Libra,14.87400,Aquarius,16.35536,Scorpio,8.43864,Virgo,28.68429,Scorpio,3.44337,Cancer,0.75518,Pisces,1.56525,Taurus,6.04888,Pisces,5.56780,Capricorn,7.22713,Aquarius,21.16710,Leo,21.16710
2025-11-02,Libra,15.87431,Pisces,0.32594,Scorpio,9.27110,Virgo,29.93441,Scorpio,4.15687,Cancer,0.78754,Pisces,1.52093,Taurus,6.01055,Pisces,5.54809,Capricorn,7.23603,Aquarius,21.11411,Leo,21.11411
2025-11-03,Libra,16.87507,Pisces,14.77193,Scorpio,10.03329,Libra,1.18488,Scorpio,4.87134,Cancer,0.81670,Pisces,1.47810,Taurus,5.97188,Pisces,5.52877,Capricorn,7.24539,Aquarius,21.06111,Leo,21.06111
2025-11-04,Libra,17.87629,Pisces,29.63957,Scorpio,10.71714,Libra,2.43571,Scorpio,5.58679,Cancer,0.84265,Pisces,1.43676,Taurus,5.93289,Pisces,5.50986,Capricorn,7.25523,Aquarius,21.00812,Leo,21.00812
2025-11-05,Libra,18.87799,Aries,14.81645,Scorpio,11.31373,Libra,3.68690,Scorpio,6.30321,Cancer,0.86536,Pisces,1.39694,Taurus,5.89359,Pisces,5.49136,Capricorn,7.26552,Aquarius,20.95513,Leo,20.95513
2025-11-06,Libra,19.88018,Taurus,0.13952,Scorpio,11.81334,Libra,4.93845,Scorpio,7.02061,Cancer,0.88483,Pisces,1.35865,Taurus,5.85400,Pisces,5.47328,Capricorn,7.27628,Aquarius,20.90214,Leo,20.90214
2025-11-07,Libra,20.88289,Taurus,15.41913,Scorpio,12.20552,Libra,6.19037,Scorpio,7.73901,Cancer,0.90104,Pisces,1.32192,Taurus,5.81413,Pisces,5.45563,Capricorn,7.28750,Aquarius,20.84915,Leo,20.84915
2025-11-08,Libra,21.88614,Gemini,0.47299,Scorpio,12.47921,Libra,7.44265,Scorpio,8.45840,Cancer,0.91398,Pisces,1.28676,Taurus,5.77400,Pisces,5.43840,Capricorn,7.29918,Aquarius,20.79615,Leo,20.79615
2025-11-09,Libra,22.88993,Gemini,15.15789,Scorpio,12.62303,Libra,8.69529,Scorpio,9.17880,Cancer,0.92363,Pisces,1.25320,Taurus,5.73362,Pisces,5.42162,Capricorn,7.31132,Aquarius,20.74316,Leo,20.74316
2025-11-10,Libra,23.89428,Gemini,29.38800,Scorpio,12.62572,Libra,9.94828,Scorpio,9.90021,Cancer,0.92997,Pisces,1.22123,Taurus,5.69301,Pisces,5.40528,Capricorn,7.32391,Aquarius,20.69017,Leo,20.69017
2025-11-11,Libra,24.89918,Cancer,13.13661,Scorpio,12.47668,Libra,11.20162,Scorpio,10.62264,Cancer,0.93300,Pisces,1.19090,Taurus,5.65220,Pisces,5.38939,Capricorn,7.33695,Aquarius,20.63718,Leo,20.63718
2025-11-12,Libra,25.90465,Cancer,26.42537,Scorpio,12.16685,Libra,12.45530,Scorpio,11.34607,Cancer,0.93270,Pisces,1.16220,Taurus,5.61118,Pisces,5.37396,Capricorn,7.35045,Aquarius,20.58419,Leo,20.58419
2025-11-13,Libra,26.91066,Leo,9.30838,Scorpio,11.68975,Libra,13.70929,Scorpio,12.07052,Cancer,0.92907,Pisces,1.13517,Taurus,5.56999,Pisces,5.35900,Capricorn,7.36439,Aquarius,20.53119,Leo,20.53119
2025-11-14,Libra,27.91721,Leo,21.85659,Scorpio,11.04277,Libra,14.96359,Scorpio,12.79598,Cancer,0.92209,Pisces,1.10981,Taurus,5.52865,Pisces,5.34452,Capricorn,7.37878,Aquarius,20.47820,Leo,20.47820
2025-11-15,Libra,28.92429,Virgo,4.14538,Scorpio,10.22856,Libra,16.21818,Scorpio,13.52244,Cancer,0.91176,Pisces,1.08614,Taurus,5.48716,Pisces,5.33052,Capricorn,7.39362,Aquarius,20.42521,Leo,20.42521
2025-11-16,Libra,29.93188,Virgo,16.24606,Scorpio,9.25642,Libra,17.47305,Scorpio,14.24990,Cancer,0.89808,Pisces,1.06417,Taurus,5.44555,Pisces,5.31700,Capricorn,7.40889,Aquarius,20.37222,Leo,20.37222
2025-11-17,Scorpio,0.93996,Virgo,28.22070,Scorpio,8.14343,Libra,18.72817,Scorpio,14.97835,Cancer,0.88105,Pisces,1.04393,Taurus,5.40384,Pisces,5.30398,Capricorn,7.42460,Aquarius,20.31923,Leo,20.31923
2025-11-18,Scorpio,1.94852,Libra,10.11987,Scorpio,6.91495,Libra,19.98354,Scorpio,15.70779,Cancer,0.86068,Pisces,1.02542,Taurus,5.36204,Pisces,5.29146,Capricorn,7.44075,Aquarius,20.26624,Leo,20.26624
2025-11-19,Scorpio,2.95754,Libra,21.98266,Scorpio,5.60436,Libra,21.23913,Scorpio,16.43820,Cancer,0.83696,Pisces,1.00865,Taurus,5.32018,Pisces,5.27945,Capricorn,7.45732,Aquarius,20.21324,Leo,20.21324
2025-11-20,Scorpio,3.96699,Scorpio,3.83859,Scorpio,4.25159,Libra,22.49493,Scorpio,17.16957,Cancer,0.80991,Pisces,0.99364,Taurus,5.27828,Pisces,5.26795,Capricorn,7.47433,Aquarius,20.16025,Leo,20.16025
2025-11-21,Scorpio,4.97686,Scorpio,15.71096,Scorpio,2.90078,Libra,23.75091,Scorpio,17.90190,Cancer,0.77954,Pisces,0.98038,Taurus,5.23635,Pisces,5.25697,Capricorn,7.49175,Aquarius,20.10726,Leo,20.10726
2025-11-22,Scorpio,5.98713,Scorpio,27.62114,Scorpio,1.59708,Libra,25.00708,Scorpio,18.63517,Cancer,0.74585,Pisces,0.96891,Taurus,5.19441,Pisces,5.24651,Capricorn,7.50959,Aquarius,20.05427,Leo,20.05427
2025-11-23,Scorpio,6.99777,Sagittarius,9.59316,Scorpio,0.38325,Libra,26.26341,Scorpio,19.36939,Cancer,0.70888,Pisces,0.95921,Taurus,5.15249,Pisces,5.23658,Capricorn,7.52785,Aquarius,20.00128,Leo,20.00128
2025-11-24,Scorpio,8.00877,Sagittarius,21.65784,Libra,29.29660,Libra,27.51988,Scorpio,20.10452,Cancer,0.66862,Pisces,0.95129,Taurus,5.11061,Pisces,5.22718,Capricorn,7.54651,Aquarius,19.94828,Leo,19.94828
2025-11-25,Scorpio,9.02010,Capricorn,3.85589,Libra,28.36679,Libra,28.77648,Scorpio,20.84057,Cancer,0.62512,Pisces,0.94517,Taurus,5.06877,Pisces,5.21832,Capricorn,7.56558,Aquarius,19.89529,Leo,19.89529
2025-11-26,Scorpio,10.03175,Capricorn,16.23915,Libra,27.61469,Scorpio,0.03321,Scorpio,21.57753,Cancer,0.57838,Pisces,0.94084,Taurus,5.02701,Pisces,5.21001,Capricorn,7.58504,Aquarius,19.84230,Leo,19.84230
2025-11-27,Scorpio,11.04370,Capricorn,28.86959,Libra,27.05234,Scorpio,1.29004,Scorpio,22.31538,Cancer,0.52843,Pisces,0.93831,Taurus,4.98534,Pisces,5.20223,Capricorn,7.60490,Aquarius,19.78931,Leo,19.78931
2025-11-28,Scorpio,12.05593,Aquarius,11.81550,Libra,26.68375,Scorpio,2.54698,Scorpio,23.05412,Cancer,0.47531,Pisces,0.93758,Taurus,4.94378,Pisces,5.19501,Capricorn,7.62515,Aquarius,19.73632,Leo,19.73632
2025-11-29,Scorpio,13.06844,Aquarius,25.14403,Libra,26.50629,Scorpio,3.80400,Scorpio,23.79373,Cancer,0.41904,Pisces,0.93865,Taurus,4.90235,Pisces,5.18833,Capricorn,7.64578,Aquarius,19.68332,Leo,19.68332
2025-11-30,Scorpio,14.08121,Pisces,8.90978,Libra,26.51221,Scorpio,5.06111,Scorpio,24.53422,Cancer,0.35966,Pisces,0.94151,Taurus,4.86107,Pisces,5.18222,Capricorn,7.66679,Aquarius,19.63033,Leo,19.63033
2025-12-01,Scorpio,15.09424,Pisces,23.13966,Libra,26.69029,Scorpio,6.31830,Scorpio,25.27557,Cancer,0.29719,Pisces,0.94618,Taurus,4.81995,Pisces,5.17665,Capricorn,7.68817,Aquarius,19.57734,Leo,19.57734
2025-12-02,Scorpio,16.10752,Aries,7.81601,Libra,27.02715,Scorpio,7.57557,Scorpio,26.01779,Cancer,0.23168,Pisces,0.95264,Taurus,4.77902,Pisces,5.17165,Capricorn,7.70992,Aquarius,19.52435,Leo,19.52435
2025-12-03,Scorpio,17.12107,Aries,22.86324,Libra,27.50836,Scorpio,8.83293,Scorpio,26.76087,Cancer,0.16315,Pisces,0.96090,Taurus,4.73829,Pisces,5.16721,Capricorn,7.73203,Aquarius,19.47136,Leo,19.47136
2025-12-04,Scorpio,18.13490,Taurus,8.14530,Libra,28.11935,Scorpio,10.09037,Scorpio,27.50481,Cancer,0.09165,Pisces,0.97095,Taurus,4.69777,Pisces,5.16333,Capricorn,7.75450,Aquarius,19.41836,Leo,19.41836
2025-12-05,Scorpio,19.14901,Taurus,23.48028,Libra,28.84594,Scorpio,11.34791,Scorpio,28.24962,Cancer,0.01722,Pisces,0.98278,Taurus,4.65749,Pisces,5.16001,Capricorn,7.77731,Aquarius,19.36537,Leo,19.36537
2025-12-06,Scorpio,20.16343,Gemini,8.67127,Libra,29.67477,Scorpio,12.60556,Scorpio,28.99530,Gemini,29.93989,Pisces,0.99640,Taurus,4.61746,Pisces,5.15726,Capricorn,7.80048,Aquarius,19.31238,Leo,19.31238
2025-12-07,Scorpio,21.17816,Gemini,23.54341,Scorpio,0.59350,Scorpio,13.86331,Scorpio,29.74186,Gemini,29.85969,Pisces,1.01180,Taurus,4.57770,Pisces,5.15508,Capricorn,7.82398,Aquarius,19.25939,Leo,19.25939
2025-12-08,Scorpio,22.19322,Cancer,7.97306,Scorpio,1.59093,Scorpio,15.12117,Sagittarius,0.48930,Gemini,29.77668,Pisces,1.02898,Taurus,4.53822,Pisces,5.15347,Capricorn,7.84782,Aquarius,19.20640,Leo,19.20640
2025-12-09,Scorpio,23.20861,Cancer,21.89996,Scorpio,2.65702,Scorpio,16.37915,Sagittarius,1.23762,Gemini,29.69090,Pisces,1.04794,Taurus,4.49904,Pisces,5.15243,Capricorn,7.87199,Aquarius,19.15340,Leo,19.15340
2025-12-10,Scorpio,24.22434,Leo,5.32283,Scorpio,3.78285,Scorpio,17.63724,Sagittarius,1.98682,Gemini,29.60238,Pisces,1.06868,Taurus,4.46018,Pisces,5.15197,Capricorn,7.89648,Aquarius,19.10041,Leo,19.10041
2025-12-11,Scorpio,25.24039,Leo,18.28515,Scorpio,4.96059,Scorpio,18.89544,Sagittarius,2.73690,Gemini,29.51119,Pisces,1.09118,Taurus,4.42166,Pisces,5.15208,Capricorn,7.92129,Aquarius,19.04742,Leo,19.04742
2025-12-12,Scorpio,26.25677,Virgo,0.85835,Scorpio,6.18336,Scorpio,20.15374,Sagittarius,3.48785,Gemini,29.41737,Pisces,1.11546,Taurus,4.38349,Pisces,5.15277,Capricorn,7.94642,Aquarius,18.99443,Leo,18.99443
2025-12-13,Scorpio,27.27345,Virgo,13.12692,Scorpio,7.44518,Scorpio,21.41213,Sagittarius,4.23967,Gemini,29.32099,Pisces,1.14151,Taurus,4.34569,Pisces,5.15404,Capricorn,7.97186,Aquarius,18.94144,Leo,18.94144
2025-12-14,Scorpio,28.29043,Virgo,25.17727,Scorpio,8.74087,Scorpio,22.67061,Sagittarius,4.99234,Gemini,29.22211,Pisces,1.16931,Taurus,4.30827,Pisces,5.15589,Capricorn,7.99760,Aquarius,18.88844,Leo,18.88844
2025-12-15,Scorpio,29.30769,Libra,7.09008,Scorpio,10.06595,Scorpio,23.92917,Sagittarius,5.74586,Gemini,29.12078,Pisces,1.19887,Taurus,4.27127,Pisces,5.15833,Capricorn,8.02364,Aquarius,18.83545,Leo,18.83545
2025-12-16,Sagittarius,0.32521,Libra,18.93559,Scorpio,11.41657,Scorpio,25.18780,Sagittarius,6.50023,Gemini,29.01707,Pisces,1.23018,Taurus,4.23468,Pisces,5.16134,Capricorn,8.04997,Aquarius,18.78246,Leo,18.78246
2025-12-17,Sagittarius,1.34296,Scorpio,0.77115,Scorpio,12.78942,Scorpio,26.44648,Sagittarius,7.25542,Gemini,28.91107,Pisces,1.26324,Taurus,4.19854,Pisces,5.16494,Capricorn,8.07658,Aquarius,18.72947,Leo,18.72947
2025-12-18,Sagittarius,2.36094,Scorpio,12.64058,Scorpio,14.18166,Scorpio,27.70520,Sagittarius,8.01142,Gemini,28.80283,Pisces,1.29803,Taurus,4.16285,Pisces,5.16913,Capricorn,8.10347,Aquarius,18.67648,Leo,18.67648
2025-12-19,Sagittarius,3.37911,Scorpio,24.57540,Scorpio,15.59087,Scorpio,28.96396,Sagittarius,8.76824,Gemini,28.69244,Pisces,1.33454,Taurus,4.12764,Pisces,5.17389,Capricorn,8.13063,Aquarius,18.62348,Leo,18.62348
2025-12-20,Sagittarius,4.39746,Sagittarius,6.59744,Scorpio,17.01498,Sagittarius,0.22274,Sagittarius,9.52584,Gemini,28.57998,Pisces,1.37278,Taurus,4.09292,Pisces,5.17924,Capricorn,8.15805,Aquarius,18.57049,Leo,18.57049
2025-12-21,Sagittarius,5.41596,Sagittarius,18.72293,Scorpio,18.45226,Sagittarius,1.48152,Sagittarius,10.28423,Gemini,28.46552,Pisces,1.41272,Taurus,4.05870,Pisces,5.18518,Capricorn,8.18573,Aquarius,18.51750,Leo,18.51750
2025-12-22,Sagittarius,6.43458,Capricorn,0.96716,Scorpio,19.90121,Sagittarius,2.74031,Sagittarius,11.04338,Gemini,28.34915,Pisces,1.45437,Taurus,4.02501,Pisces,5.19169,Capricorn,8.21366,Aquarius,18.46451,Leo,18.46451
2025-12-23,Sagittarius,7.45330,Capricorn,13.34928,Scorpio,21.36061,Sagittarius,3.99907,Sagittarius,11.80327,Gemini,28.23096,Pisces,1.49769,Taurus,3.99186,Pisces,5.19879,Capricorn,8.24183,Aquarius,18.41152,Leo,18.41152
2025-12-24,Sagittarius,8.47209,Capricorn,25.89596,Scorpio,22.82941,Sagittarius,5.25781,Sagittarius,12.56391,Gemini,28.11103,Pisces,1.54270,Taurus,3.95926,Pisces,5.20647,Capricorn,8.27023,Aquarius,18.35852,Leo,18.35852
2025-12-25,Sagittarius,9.49094,Aquarius,8.64326,Scorpio,24.30675,Sagittarius,6.51651,Sagittarius,13.32527,Gemini,27.98947,Pisces,1.58936,Taurus,3.92722,Pisces,5.21472,Capricorn,8.29886,Aquarius,18.30553,Leo,18.30553
2025-12-26,Sagittarius,10.50982,Aquarius,21.63582,Scorpio,25.79194,Sagittarius,7.77517,Sagittarius,14.08734,Gemini,27.86635,Pisces,1.63767,Taurus,3.89577,Pisces,5.22355,Capricorn,8.32771,Aquarius,18.25254,Leo,18.25254
2025-12-27,Sagittarius,11.52871,Pisces,4.92267,Scorpio,27.28440,Sagittarius,9.03376,Sagittarius,14.85011,Gemini,27.74178,Pisces,1.68762,Taurus,3.86492,Pisces,5.23295,Capricorn,8.35678,Aquarius,18.19955,Leo,18.19955
2025-12-28,Sagittarius,12.54760,Pisces,18.54937,Scorpio,28.78368,Sagittarius,10.29229,Sagittarius,15.61356,Gemini,27.61584,Pisces,1.73918,Taurus,3.83468,Pisces,5.24292,Capricorn,8.38604,Aquarius,18.14656,Leo,18.14656
2025-12-29,Sagittarius,13.56647,Aries,2.54647,Sagittarius,0.28944,Sagittarius,11.55075,Sagittarius,16.37769,Gemini,27.48864,Pisces,1.79235,Taurus,3.80506,Pisces,5.25346,Capricorn,8.41550,Aquarius,18.09356,Leo,18.09356
2025-12-30,Sagittarius,14.58531,Aries,16.91570,Sagittarius,1.80142,Sagittarius,12.80913,Sagittarius,17.14249,Gemini,27.36027,Pisces,1.84710,Taurus,3.77607,Pisces,5.26457,Capricorn,8.44516,Aquarius,18.04057,Leo,18.04057
2025-12-31,Sagittarius,15.60412,Taurus,1.61685,Sagittarius,3.31945,Sagittarius,14.06745,Sagittarius,17.90795,Gemini,27.23082,Pisces,1.90343,Taurus,3.74773,Pisces,5.27623,Capricorn,8.47499,Aquarius,17.98758,Leo,17.98758
